W,-34,159,65,16216,689,16043
W,-84,206,37,6040,635,5975
W,-127,426,-23,6177,580,6183
W,-160,557,-39,6053,509,6090
W,-229,663,-86,6075,389,6078
W,-294,651,-141,6117,67,183
W,-386,550,-148,5737,154,671
W,-626,386,-208,6219,59,465
W,-898,302,-49,516,372,6087
W,-1167,100,27,1180,343,5204
W,-1470,59,157,1365,278,6057
W,-1724,68,195,1079,6347,6108
W,-1873,-48,155,952,6047,298
W,-2144,17,203,1630,5580,105
W,-2536,-105,146,538,5708,5413
W,-3472,-116,-68,1010,5708,5122
W,-4948,13,-412,2797,156,4875
W,-6424,-55,-735,3953,2400,5242
W,-7713,-273,-1134,3194,4802,97
W,-8702,-562,-1477,2513,5660,1554
W,-9568,-631,-1679,1271,5733,1634
W,-10217,-422,-1800,430,5383,1508
W,-10542,-49,-1878,223,4945,1662
W,-10589,392,-1876,859,4187,1825
W,-10492,782,-1856,1986,3169,1535
W,-10293,1000,-1928,2415,1929,1361
W,-10050,1170,-2047,2090,816,573
W,-9949,1217,-2216,1496,501,982
W,-10026,991,-2354,1275,332,2527
W,-10225,657,-2530,1571,1131,4467
W,-9987,184,-2508,2150,803,5317
W,-9980,-278,-2785,814,1594,4992
W,-9782,-747,-3412,6160,1781,4371
W,-9866,-1018,-3766,61,1132,2787
W,-10273,-1228,-3988,208,1723,1156
W,-10617,-1132,-4275,6163,877,261
W,-11105,-936,-4359,6024,185,1643
W,-11706,-818,-4171,6162,901,2607
W,-12010,-787,-4163,5669,1306,2583
W,-11960,-768,-4276,5808,992,3150
W,-11410,-712,-4302,6478,258,3156
W,-11152,-768,-4399,6501,6450,3278
W,-11323,-851,-4508,6164,530,3426
W,-11476,-883,-4629,5858,715,3382
W,-11544,-853,-4728,5713,511,3492
W,-11614,-759,-4774,5757,166,3385
W,-11994,-620,-4881,5840,6488,3459
W,-12419,-460,-4945,5809,121,3475
W,-12381,-349,-4963,5927,6225,3511
W,-12295,-262,-4967,5892,5920,3567
W,-12238,-153,-4914,6134,6010,3640
W,-12180,-40,-4849,6358,6046,3556
W,-12140,37,-4741,6541,5935,3421
W,-12075,-37,-4515,43,6080,3294
W,-12113,-120,-4413,6399,6126,3022
W,-12185,-91,-4479,6204,5895,3279
W,-12190,-119,-4526,6301,5945,3203
W,-12065,-244,-4609,6158,6214,3279
W,-11866,-363,-4697,5970,6307,3508
W,-11699,-375,-4705,6178,6345,3539
W,-11546,-331,-4689,6316,5851,3431
W,-11528,-296,-4673,6547,5695,3191
W,-11516,-327,-4717,6268,5813,3336
W,-11504,-360,-4756,5838,5952,3464
W,-11482,-375,-4752,5921,5882,3401
W,-11491,-382,-4744,6066,5994,3467
W,-11471,-383,-4736,6146,5955,3437
W,-11487,-371,-4730,6291,5775,3403
W,-11538,-383,-4738,6341,5805,3401
W,-11600,-396,-4762,6231,5870,3435
W,-11675,-412,-4782,6101,5872,3422
W,-11745,-436,-4798,5986,5917,3458
W,-11797,-456,-4803,6014,5967,3451
W,-11850,-472,-4805,6082,6046,3456
W,-11897,-476,-4806,6140,6040,3427
W,-11932,-481,-4822,6106,6030,3464
W,-11999,-476,-4833,6229,5961,3371
W,-12138,-477,-4859,6115,5971,3392
W,-12392,-447,-4844,6234,5874,3688
W,-12509,-440,-4875,6066,6033,3514
W,-12516,-493,-4873,5999,5759,3449
W,-12611,-548,-4872,5971,6284,3471
W,-12718,-536,-4865,6132,6177,3417
W,-12902,-528,-4853,6367,5857,3608
W,-13083,-563,-4837,6363,6155,3466
W,-13040,-673,-4872,6056,6347,3546
W,-13124,-714,-4906,6077,6298,3554
W,-13102,-732,-4947,5922,5914,3402
W,-13169,-769,-4880,6011,6102,3699
W,-13395,-722,-4706,6367,6364,3577
W,-13609,-639,-4523,80,6364,3378
W,-13899,-551,-4432,86,6427,3393
W,-14105,-431,-4344,6179,6545,3342
W,-14167,-258,-4197,6498,6308,3331
W,-14228,-84,-4014,360,6240,3189
W,-14437,32,-3849,620,6333,2981
W,-14825,97,-3768,326,60,2882
W,-15064,137,-3799,6388,257,2848
W,-15046,133,-3906,6548,6438,3007
W,-15074,74,-4067,6464,6412,3028
W,-15047,49,-4167,6551,6199,3232
W,-15254,32,-4139,790,5664,3440
W,-16803,409,-3677,1123,583,3619
W,16510,1812,-3377,3700,1090,3607
W,12942,3782,-4073,2980,4760,5536
W,8424,5519,-6715,5096,6339,1122
W,4352,12288,-12198,6152,5514,1197
W,2380,16441,-17041,358,1440,1595
W,1031,16679,6926,2003,6357,4505
W,-741,15656,16394,5149,6120,3694
W,-2479,14094,14507,573,2698,306
W,-5604,11779,12210,1951,5421,1941
W,-8507,8898,7309,1797,2275,2131
W,-9415,8489,-1978,145,473,3855
W,-10898,7042,-4223,5403,3602,3755
W,-13479,4657,-5299,3247,5406,4316
W,-15593,2691,-5083,5380,1642,786
W,-17002,1308,-4857,4431,932,6494
W,13918,371,-4563,2323,1220,5327
W,16771,-22,-4387,2988,558,3968
W,16338,-252,-4277,3666,195,2676
W,16124,-449,-4320,3789,207,2457
W,16294,-542,-4561,4230,314,2788
W,16858,-579,-5031,5662,6098,4212
W,17058,-605,-5150,6283,6331,4111
W,17166,-527,-5163,1517,6026,4566
W,16882,-514,-4843,1155,54,4225
W,16615,-628,-4657,6170,5974,2806
W,16484,-723,-4569,6530,6040,3147
W,16321,-798,-4428,6510,6093,3397
W,16173,-853,-4283,6542,6123,3239
W,16078,-929,-4195,6386,6329,3097
W,16030,-1021,-4194,6304,6387,3119
W,16020,-1065,-4215,6178,6428,3025
W,16083,-1066,-4311,6528,6199,3138
W,16148,-1041,-4394,117,5965,3145
W,16206,-979,-4436,254,6025,3311
W,16268,-905,-4470,456,6128,3402
W,16324,-820,-4499,544,6171,3233
W,16401,-739,-4552,237,6268,2937
W,16709,-571,-4723,5789,5784,2970
W,17323,-158,-4961,1207,5595,3357
W,7094,250,-5157,2014,5881,3465
W,-17528,562,-5396,2118,5807,3939
W,-17063,838,-5510,2568,5809,4002
W,-16946,983,-5434,2015,6377,3736
W,-16832,1118,-5428,2449,5946,4063
W,-16653,1312,-5499,2561,5182,3200
W,-16699,1359,-5443,3269,5329,3096
W,-17129,1175,-5355,1998,5886,3592
W,-17363,990,-5238,431,5645,3139
W,-17276,950,-5161,884,5509,3176
W,-17164,917,-5077,569,5731,3150
W,-16981,896,-5036,641,5818,3116
W,-16839,891,-5106,1194,5821,3125
W,-16888,860,-5235,1217,5849,3396
W,-16826,871,-5328,929,5547,3309
W,-16589,909,-5361,1006,5302,3340
W,-16358,909,-5388,946,5126,3457
W,-16230,913,-5350,1171,5257,3465
W,-16196,927,-5310,1029,5530,3400
W,-16115,951,-5287,1084,5510,3403
W,-16017,982,-5259,1088,5471,3436
W,-15908,1020,-5225,1214,5289,3366
W,-15879,1032,-5221,1340,5295,3261
W,-15891,1011,-5241,1201,5295,3298
W,-15919,955,-5230,1054,5356,3333
W,-15986,890,-5219,905,5503,3326
W,-16049,819,-5215,699,5699,3343
W,-16082,742,-5224,456,5231,3434
W,-16077,709,-5241,334,5758,3516
W,-16038,728,-5245,457,5582,3468
W,-15998,760,-5239,690,5460,3387
W,-15987,764,-5227,802,5488,3341
W,-16011,743,-5216,776,5635,3344
W,-16053,713,-5219,625,5716,3398
W,-16091,686,-5221,527,5638,3342
W,-16145,648,-5213,392,5749,3414
W,-16176,622,-5205,287,5835,3453
W,-16184,612,-5213,271,5756,3408
W,-16179,615,-5225,224,5720,3434
W,-16164,636,-5223,291,5670,3443
W,-16164,658,-5196,469,5729,3436
W,-16190,657,-5169,496,5792,3406
W,-16243,643,-5148,497,5784,3364
W,-16388,601,-5163,487,5738,3389
W,-16921,463,-5253,1088,5943,3483
W,6806,318,-5152,429,6389,4347
W,14883,1247,-4301,3842,6383,4875
W,10472,3612,-4147,2543,2560,759
W,6947,7634,-7923,4660,2171,3807
W,4824,12869,-14333,4742,3871,3831
W,4127,15783,-16126,5330,3354,3862
W,3268,6973,-16713,4873,10,1201
W,2375,10403,6792,5415,6044,976
W,5,15506,15884,2371,5240,641
W,-4760,11846,13061,1332,4581,1270
W,-9150,6590,3832,3270,6117,1595
W,-10810,4471,-410,2460,847,539
W,-11405,3647,-1924,1590,1753,4879
W,-12762,3068,-3687,3121,2581,2902
W,-14093,2801,-5216,6253,5531,4327
W,-14945,2171,-5487,76,265,3789
W,-15601,1411,-5137,159,991,2847
W,-16461,750,-5480,5885,5102,4141
W,-16099,781,-5400,1248,5673,3531
W,-15780,718,-5382,1731,5551,3444
W,-15656,673,-5417,1368,5252,3488
W,-15388,682,-5364,1594,4841,3514
W,-15295,611,-5341,1436,4952,3482
W,-15284,552,-5357,953,5214,3589
W,-15285,490,-5346,1133,5080,3502
W,-15455,380,-5359,1066,5083,3630
W,-15856,216,-5386,762,5644,3465
W,-16393,73,-5505,248,6298,3528
W,-16741,42,-5589,143,5674,4071
W,-16802,14,-5518,6193,5324,3848
W,-16556,26,-5468,301,5788,3483
W,-16512,4,-5486,363,6009,3792
W,-16474,19,-5462,286,5596,3695
W,-16437,27,-5479,526,5844,3705
W,-16478,15,-5486,229,5737,3752
W,-16455,17,-5480,366,5772,3703
W,-16454,2,-5473,361,5722,3750
W,-16456,-16,-5453,338,5728,3700
W,-16482,-39,-5436,308,5771,3727
W,-16503,-57,-5421,309,5826,3682
W,-16518,-72,-5414,314,5814,3732
W,-16548,-86,-5403,330,5865,3667
W,-16594,-91,-5403,162,5893,3685
W,-16589,-81,-5399,239,5858,3708
W,-16574,-73,-5400,333,5863,3681
W,-16581,-69,-5404,235,5827,3686
W,-16581,-63,-5409,252,5844,3683
W,-16579,-62,-5413,219,5818,3714
W,-16554,-50,-5410,196,5832,3706
W,-16504,-30,-5409,281,5812,3683
W,-16438,-10,-5408,358,5768,3702
W,-16381,0,-5400,420,5724,3676
W,-16357,-4,-5395,419,5753,3688
W,-16364,-16,-5393,376,5727,3639
W,-16394,-31,-5395,314,5754,3689
W,-16442,-50,-5394,267,5782,3675
W,-16488,-63,-5391,192,5815,3697
W,-16512,-68,-5384,210,5852,3679
W,-16532,-74,-5383,243,5837,3675
W,-16541,-79,-5381,221,5829,3710
W,-16545,-86,-5377,283,5815,3649
W,-16567,-94,-5379,210,5857,3706
W,-16589,-102,-5374,251,5820,3662
W,-16621,-109,-5375,219,5857,3682
W,-16628,-106,-5375,237,5851,3678
W,-16656,-110,-5380,230,5873,3673
W,-16677,-106,-5384,195,5840,3695
W,-16690,-103,-5390,212,5852,3690
W,-16696,-98,-5394,224,5842,3712
W,-16686,-92,-5394,274,5835,3671
W,-16701,-94,-5403,236,5839,3705
W,-16712,-92,-5399,262,5799,3710
W,-16736,-97,-5399,273,5836,3706
W,-16745,-97,-5398,198,5853,3698
W,-16754,-100,-5399,288,5861,3681
W,-16768,-101,-5398,249,5870,3687
W,-16783,-103,-5396,250,5855,3689
W,-16802,-104,-5394,209,5845,3701
W,-16810,-101,-5390,210,5872,3681
W,-16820,-103,-5392,269,5856,3685
W,-16823,-99,-5391,240,5879,3694
W,-16828,-100,-5392,306,5862,3687
W,-16840,-102,-5392,244,5856,3703
W,-16855,-106,-5387,293,5846,3686
W,-16872,-108,-5385,212,5857,3684
W,-16880,-107,-5383,252,5866,3684
W,-16889,-105,-5382,268,5860,3684
W,-16904,-107,-5383,258,5872,3691
W,-16905,-104,-5384,273,5866,3655
W,-16924,-107,-5392,228,5872,3702
W,-16926,-103,-5392,259,5853,3704
W,-16934,-104,-5395,307,5867,3690
W,-16937,-100,-5395,292,5863,3686
W,-16950,-101,-5396,303,5854,3693
W,-16960,-101,-5395,292,5853,3685
W,-16963,-99,-5395,279,5825,3706
W,-16962,-103,-5403,340,5848,3705
W,-16979,-119,-5400,315,5854,3680
W,-16998,-127,-5396,247,5862,3670
W,-17000,-121,-5386,286,5852,3705
W,-17017,-119,-5379,306,5904,3689
W,-17032,-109,-5376,297,5876,3676
W,-17110,-110,-5389,580,5822,3830
W,-13982,-115,-5194,1740,5771,5177
W,16434,687,-4007,965,2044,5652
W,11702,3617,-3065,4090,6325,3811
W,8290,7180,-5690,4927,940,3750
W,7119,11487,-13538,4725,3372,2534
W,7527,14087,-15681,916,2945,1735
W,8651,6474,-15355,1600,6338,2803
W,9458,-15746,-14365,3736,5931,1377
W,9052,-14863,-14170,4475,5032,5506
W,7526,-15692,-15487,2274,6462,1981
W,6028,46,3126,159,3128,56
W,7449,15825,12107,986,117,1257
W,-2294,9130,9063,2945,5969,4700
W,-10589,3923,5893,1931,6327,1401
W,-11228,4112,-37,547,5169,101
W,-13077,2768,-2698,1877,279,706
W,-14641,1153,-3959,6341,6011,5594
W,-16372,62,-5063,3463,6043,1089
W,-17334,-700,-5177,1089,1326,5950
W,-17257,-541,-5061,6163,166,4070
W,-17224,-342,-4974,1363,16,4079
W,-17120,-312,-4809,1928,42,3284
W,-16968,-361,-4788,1899,6543,3625
W,-16843,-394,-4809,1450,462,3661
W,-16685,-343,-4864,1206,484,3526
W,-16428,-261,-4999,1234,6520,3799
W,-16097,-150,-5146,1766,5507,3468
W,-16092,-118,-5201,1857,5728,3626
W,-16150,-142,-5269,1117,5885,3955
W,-16100,-155,-5278,1224,5023,3875
W,-16106,-246,-5229,1142,5613,3739
W,-16152,-347,-5211,919,6021,3794
W,-16209,-420,-5210,796,6095,3615
W,-16289,-465,-5227,835,6147,3828
W,-16341,-512,-5283,758,5922,3828
W,-16360,-578,-5348,247,5867,3804
W,-16342,-582,-5361,405,5646,3811
W,-16333,-579,-5356,420,5910,3829
W,-16304,-553,-5352,572,5824,3811
W,-16304,-533,-5343,573,5739,3799
W,-16320,-541,-5327,503,5866,3810
W,-16317,-543,-5318,481,5807,3779
W,-16332,-550,-5322,455,5910,3766
W,-16335,-560,-5325,486,5848,3748
W,-16360,-577,-5335,336,5865,3793
W,-16357,-580,-5340,369,5836,3770
W,-16375,-586,-5341,410,5780,3785
W,-16420,-598,-5342,325,5822,3766
W,-16465,-605,-5342,282,5864,3795
W,-16509,-612,-5338,232,5863,3780
W,-16516,-609,-5329,232,5871,3739
W,-16509,-602,-5324,286,5891,3745
W,-16515,-590,-5325,303,5858,3761
W,-16546,-584,-5325,295,5844,3772
W,-16555,-575,-5326,227,5862,3732
W,-16572,-570,-5329,273,5850,3783
W,-16591,-561,-5327,218,5857,3765
W,-16588,-554,-5332,309,5877,3740
W,-16608,-551,-5341,326,5839,3762
W,-16664,-555,-5353,242,5844,3772
W,-16712,-556,-5361,234,5829,3760
W,-16755,-551,-5371,187,5859,3770
W,-16791,-548,-5375,231,5829,3738
W,-16821,-547,-5385,187,5870,3708
W,-16840,-547,-5395,334,5811,3863
W,-16916,-582,-5394,470,5649,3676
W,-17121,-645,-5428,6457,5875,3803
W,-17212,-679,-5418,6375,6055,3830
W,-17337,-717,-5398,19,6427,3692
W,-17517,-692,-5413,6520,6359,3812
W,-17611,-684,-5369,6431,5365,3961
W,-17388,-664,-5361,6121,5889,3765
W,-17079,-651,-5325,797,6352,3755
W,-17079,-680,-5298,460,5689,3871
W,-17134,-699,-5284,227,6076,3638
W,-17136,-674,-5295,6518,6000,3728
W,-17029,-633,-5287,351,5835,3728
W,-16964,-612,-5294,449,5837,3784
W,-16918,-596,-5290,369,5822,3723
W,-16861,-586,-5302,501,5846,3762
W,-16878,-608,-5317,543,5861,3784
W,-16966,-633,-5326,250,5790,3717
W,-17014,-625,-5331,177,5857,3754
W,-17050,-615,-5324,334,5854,3733
W,-17124,-617,-5335,292,5860,3716
W,-17165,-611,-5345,113,5814,3769
W,-17142,-598,-5351,290,5845,3780
W,-17159,-604,-5357,334,5850,3774
W,-17195,-622,-5368,281,5808,3757
W,-17220,-637,-5385,222,5894,3764
W,-17232,-639,-5391,276,5901,3762
W,-17215,-610,-5386,103,5870,3705
W,-17170,-573,-5409,48,5753,3725
W,-17188,-481,-5423,6465,5943,3843
W,-17150,-322,-5410,468,5846,3816
W,-17123,-219,-5399,946,5760,3736
W,-17126,-203,-5391,1142,5747,3709
W,-17407,-343,-5409,1944,5927,4127
W,13532,-514,-5299,2237,1311,4811
W,14356,408,-4331,4029,474,4925
W,10366,2639,-3581,2605,5593,5278
W,7134,5275,-5473,5164,5950,58
W,6527,11448,-11801,5122,5177,4691
W,8113,14399,-15824,5705,5071,3470
W,10187,-40,-15672,3335,1653,4978
W,11098,-14626,-14259,463,1885,1498
W,11372,-13624,-13118,1565,2201,3075
W,9861,-14044,-14177,4222,2939,1891
W,7232,-15935,-16723,1131,5831,5716
W,5888,6321,12807,1079,5962,5846
W,1317,10423,10147,5901,3916,2115
W,-13859,5463,5920,5080,3404,197
W,-12522,7111,1500,3469,2907,489
W,-11871,7497,-2449,6067,896,4780
W,-14306,5179,-4271,4324,6114,454
W,-16488,2211,-4356,5137,6477,2066
W,-17043,567,-4303,3317,6049,266
W,-17449,101,-4914,4368,5766,6041
W,-17556,242,-4592,1891,419,3201
W,-17592,208,-4645,1538,210,3733
W,-17549,214,-4649,1432,374,3487
W,-17375,226,-4663,1463,192,3479
W,-16958,286,-4602,1173,176,3701
W,-16145,357,-4320,2048,43,3373
W,-15470,331,-4155,2757,6188,3038
W,-15172,202,-4191,2472,5839,3125
W,-14989,137,-4341,1490,5916,3443
W,-14257,267,-4344,1731,5493,3519
W,-13481,259,-4285,2414,4989,3275
W,-13324,124,-4358,2412,4812,3377
W,-13731,-73,-4464,1637,5106,3352
W,-14189,-219,-4603,700,5746,3572
W,-14256,-284,-4654,750,5659,3476
W,-14256,-328,-4687,985,5482,3508
W,-14334,-359,-4739,733,5664,3565
W,-14384,-393,-4770,931,5558,3328
W,-14642,-421,-4840,553,5715,3582
W,-14875,-445,-4884,137,5714,3646
W,-14898,-460,-4904,54,5783,3626
W,-14763,-459,-4883,489,5688,3643
W,-14884,-483,-4821,1043,5549,3735
W,-15304,-556,-4847,2,5893,3237
W,-15447,-539,-4929,6376,6105,3490
W,-15569,-543,-4971,337,5690,3751
W,-15900,-600,-5037,175,5881,3613
W,-16312,-644,-5119,6511,6120,3624
W,-16629,-663,-5147,6061,6071,3718
W,-16663,-631,-5150,6194,6098,3687
W,-16596,-587,-5152,6551,6077,3686
W,-16623,-571,-5147,155,6007,3625
W,-16672,-556,-5157,6473,6024,3598
W,-16686,-528,-5177,6480,5997,3737
W,-16679,-513,-5170,259,5882,3759
W,-16780,-544,-5163,78,5939,3674
W,-16856,-543,-5168,6422,6011,3658
W,-16854,-525,-5164,6525,5960,3674
W,-16841,-512,-5163,129,5974,3667
W,-16840,-503,-5165,81,5967,3675
W,-16824,-492,-5164,124,5953,3643
W,-16822,-482,-5166,185,5939,3658
W,-16833,-474,-5166,166,5912,3681
W,-16850,-468,-5161,187,5947,3658
W,-16865,-461,-5160,191,5930,3625
W,-16879,-457,-5166,154,5911,3676
W,-16888,-457,-5167,230,5876,3656
W,-16906,-452,-5163,123,5898,3646
W,-16906,-446,-5163,227,5911,3641
W,-16914,-445,-5168,221,5874,3655
W,-16926,-442,-5167,153,5887,3657
W,-16923,-437,-5168,259,5902,3643
W,-16928,-438,-5171,242,5874,3657
W,-16939,-437,-5176,252,5888,3651
W,-16950,-434,-5179,221,5865,3666
W,-16959,-434,-5182,275,5874,3648
W,-16975,-434,-5183,222,5863,3673
W,-16989,-433,-5182,284,5876,3648
W,-17013,-435,-5185,235,5888,3660
W,-17026,-434,-5190,246,5877,3653
W,-17037,-436,-5194,272,5856,3665
W,-17051,-435,-5198,215,5874,3672
W,-17053,-436,-5201,299,5859,3620
W,-17066,-437,-5209,219,5833,3683
W,-17066,-434,-5210,291,5847,3662
W,-17077,-434,-5217,279,5873,3678
W,-17077,-431,-5214,254,5815,3728
W,-17088,-436,-5205,334,5928,3596
W,-17136,-437,-5221,315,5806,3618
W,-17191,-438,-5228,233,5887,3743
W,-17226,-436,-5230,182,5870,3675
W,-17207,-425,-5227,275,5897,3721
W,-17199,-428,-5223,468,5894,3661
W,-17249,-435,-5227,213,5871,3651
W,-17259,-431,-5226,293,5865,3716
W,-17294,-433,-5219,323,5870,3669
W,-17377,-452,-5217,575,5917,3906
W,-3601,-685,-5127,2334,63,4622
W,15510,-862,-4601,41,2512,4705
W,11198,359,-3682,1678,5885,4096
W,7004,2790,-4029,3255,3400,5924
W,5777,5110,-6363,4625,243,5996
W,6560,11798,-11768,2453,3762,5328
W,9244,14718,-15725,4335,2668,4837
W,11627,177,-15982,4125,4024,5141
W,11391,-14912,-15450,6278,109,1304
W,10776,-14028,-15405,382,1104,747
W,9443,-15029,-16472,3695,1053,3219
W,7594,-3309,6691,4500,733,5628
W,8788,14748,13274,2023,3584,238
W,13450,9401,8800,3692,89,2715
W,-3125,5112,5136,1106,5826,2820
W,-14765,3761,1377,2473,2664,604
W,-15371,1997,-2106,5306,389,469
W,-16814,642,-3942,3465,4858,2672
W,-10351,-21,-4591,5316,3488,6465
W,17360,173,-4738,2924,5749,4242
W,-7094,490,-4445,1086,831,3604
W,-17323,487,-4169,3134,1061,2993
W,-17223,443,-4205,2142,998,3322
W,-17193,379,-4258,2091,731,3412
W,-17135,284,-4302,1816,555,3571
W,-16949,192,-4325,1347,387,3405
W,-16587,144,-4321,2289,333,3082
W,-16501,64,-4405,2620,6479,3379
W,-16720,-35,-4534,1657,6377,3624
W,-16824,-85,-4606,1071,6463,3589
W,-16800,-123,-4632,1513,6361,3511
W,-16873,-168,-4678,1296,6384,3553
W,-16940,-202,-4717,1070,6296,3539
W,-16973,-227,-4751,1052,6231,3559
W,-17031,-263,-4791,1042,6179,3543
W,-17103,-292,-4829,746,6110,3634
W,-17119,-316,-4844,863,6128,3567
W,-17158,-345,-4866,725,6113,3600
W,-17190,-372,-4886,697,6079,3582
W,-17211,-390,-4902,631,6051,3593
W,-17227,-407,-4915,660,6060,3590
W,-17249,-425,-4935,640,6038,3589
W,-17270,-445,-4954,556,6005,3605
W,-17291,-458,-4973,589,5992,3600
W,-17324,-469,-4987,521,5951,3618
W,-17361,-482,-5004,533,5983,3616
W,-17400,-493,-5017,401,5942,3637
W,-17414,-498,-5019,469,5951,3614
W,-17436,-502,-5023,433,5965,3618
W,-17454,-504,-5027,443,5967,3611
W,-17470,-505,-5031,415,5943,3613
W,-17484,-507,-5035,427,5950,3612
W,-17496,-508,-5042,453,5941,3601
W,-17506,-508,-5049,400,5911,3618
W,-17522,-512,-5051,450,5899,3633
W,-17554,-517,-5050,356,5916,3622
W,-17558,-517,-5047,379,5948,3610
W,-17557,-519,-5048,416,5954,3615
W,-17554,-520,-5049,409,5944,3607
W,-17560,-524,-5053,449,5934,3627
W,-17576,-528,-5055,413,5937,3610
W,-17600,-532,-5061,426,5928,3615
W,-17631,-535,-5066,364,5906,3636
W,-17651,-538,-5066,413,5931,3627
W,-17675,-542,-5067,372,5928,3630
W,-17689,-543,-5067,394,5940,3610
W,-17703,-542,-5069,367,5935,3636
W,-17710,-539,-5070,393,5945,3623
W,-17718,-537,-5073,409,5944,3631
W,-17730,-535,-5075,372,5921,3620
W,-17748,-536,-5077,436,5928,3620
W,-17779,-536,-5077,318,5903,3633
W,-17788,-534,-5073,381,5937,3627
W,-17797,-533,-5067,389,5953,3627
W,-17807,-535,-5065,423,5961,3609
W,-17821,-535,-5064,377,5941,3632
W,-17830,-535,-5061,403,5947,3618
W,-17839,-535,-5059,411,5952,3629
W,-17851,-534,-5058,407,5944,3589
W,-17855,-529,-5059,379,5954,3632
W,-17857,-529,-5058,480,5962,3611
W,-17879,-532,-5060,399,5937,3623
W,-17881,-527,-5060,389,5946,3610
W,-17889,-530,-5062,483,5952,3611
W,-17915,-532,-5065,382,5938,3613
W,-17924,-529,-5067,411,5945,3607
W,-17939,-529,-5069,416,5939,3616
W,-17950,-526,-5070,413,5932,3623
W,-17962,-523,-5072,416,5961,3632
W,-17967,-525,-5074,473,5970,3630
W,-17990,-529,-5076,421,5950,3639
W,14394,-531,-5074,448,5980,3609
W,17971,-535,-5075,418,5955,3632
W,17957,-534,-5073,408,5966,3626
W,17945,-534,-5072,457,5978,3619
W,17932,-531,-5070,433,5985,3619
W,17905,-531,-5072,452,5986,3617
W,17890,-529,-5073,403,5969,3625
W,17877,-534,-5075,507,5966,3647
W,17607,-619,-5091,1542,5865,4346
W,15710,-583,-4726,933,1431,5308
W,11557,742,-3772,5272,5623,3903
W,7801,3136,-3532,5451,5589,5947
W,6807,5949,-5084,3340,1402,5297
W,7808,11008,-12281,6133,3663,3087
W,10352,13846,-15685,4746,4752,4318
W,12567,9748,-15834,97,235,4950
W,13108,-16095,-14933,1525,5008,1225
W,12672,-14650,-14667,4330,4845,1928
W,11589,-14866,-15667,799,4246,5585
W,9474,-16534,-17337,4307,4383,3698
W,8291,13115,13323,3345,6411,1879
W,11633,12423,11478,5994,2381,4252
W,-3285,3303,6257,3108,6411,1116
W,-14889,3156,2314,2694,5240,439
W,-15059,2655,-950,5979,2295,5752
W,-15411,1372,-2927,1279,5409,1752
W,-16583,1245,-3749,1273,5123,3112
W,-17133,1270,-4075,829,6323,3435
W,-17171,1121,-4097,1183,1991,3320
W,-16731,1119,-4155,2039,1229,3523
W,-16287,981,-3861,3550,303,3058
W,-16242,884,-3805,2163,977,2873
W,-16251,870,-3899,2042,836,3006
W,-16249,821,-4002,1775,297,3132
W,-16174,754,-4101,1940,324,3195
W,-16229,673,-4232,1881,76,3200
W,-16404,592,-4367,1527,6478,3352
W,-16607,505,-4483,1448,6,3354
W,-16871,406,-4604,1072,6426,3451
W,-17120,330,-4714,743,6489,3503
W,-17287,284,-4795,597,6440,3411
W,-17382,248,-4858,501,6432,3487
W,-17451,215,-4903,633,6183,3492
W,-17556,189,-4941,413,6286,3519
W,-17594,179,-4971,425,6259,3476
W,-17608,168,-4993,492,6206,3529
W,-17613,165,-5015,514,6229,3534
W,-17630,153,-5047,519,6170,3538
W,-17647,144,-5081,425,6219,3546
W,-17661,140,-5127,508,6156,3489
W,-17691,126,-5181,445,5932,3578
W,-17677,130,-5196,471,5991,3613
W,-17649,130,-5208,651,6041,3519
W,-17668,121,-5237,474,5902,3593
W,-17675,133,-5247,478,5970,3594
W,-17680,140,-5250,551,5968,3601
W,-17712,135,-5253,573,5983,3574
W,-17761,131,-5256,424,5963,3612
W,-17775,134,-5247,485,6055,3538
W,-17807,124,-5257,481,6009,3578
W,-17836,119,-5257,415,5953,3594
W,-17859,116,-5257,478,5993,3571
W,-17903,107,-5266,438,5977,3583
W,-17955,98,-5284,438,6049,3571
W,7196,93,-5301,371,5984,3622
W,17953,89,-5305,464,5964,3630
W,17892,82,-5305,371,6031,3643
W,17774,62,-5298,328,6040,3617
W,17723,68,-5289,246,6032,3629
W,17696,71,-5276,507,6197,3752
W,17610,20,-5259,371,6060,3732
W,17510,-24,-5226,309,6286,3367
W,17324,-57,-5222,177,6156,3471
W,17204,-29,-5205,6552,6000,3653
W,17214,7,-5192,182,6278,3587
W,17215,10,-5202,380,6090,3530
W,17208,39,-5211,118,6123,3580
W,17241,105,-5227,450,6249,3644
W,17297,136,-5255,215,6008,3557
W,17474,179,-5266,512,6236,3544
W,17556,199,-5280,892,6168,3584
W,17548,198,-5324,584,6131,3559
W,17589,210,-5357,530,6012,3616
W,17633,221,-5369,787,6032,3617
W,17631,221,-5378,712,6027,3611
W,17602,215,-5385,696,6021,3620
W,17554,204,-5393,637,6020,3622
W,17523,197,-5393,532,6051,3617
W,17525,199,-5390,582,6107,3588
W,17502,194,-5394,620,6017,3609
W,17482,197,-5391,574,6021,3614
W,17473,193,-5387,610,6060,3624
W,17467,186,-5386,613,6068,3580
W,17454,175,-5392,576,6042,3609
W,17450,177,-5391,572,6016,3629
W,17453,177,-5386,623,6099,3608
W,17449,174,-5383,610,6071,3632
W,17445,176,-5376,614,6126,3603
W,17437,174,-5378,626,6117,3618
W,17421,169,-5381,617,6080,3611
W,17408,172,-5379,557,6058,3640
W,17398,172,-5376,657,6121,3577
W,17378,169,-5383,522,6029,3638
W,17380,173,-5377,635,6111,3600
W,17373,170,-5380,591,6100,3614
W,17370,168,-5381,611,6093,3600
W,17338,153,-5390,701,6138,3574
W,17121,29,-5453,1034,6305,3396
W,16498,-288,-5649,746,6130,3766
W,15540,-589,-5632,1045,5996,4583
W,11487,392,-4711,5042,5847,238
W,7245,3685,-4107,4862,4511,1106
W,7238,7728,-7538,2285,4501,6277
W,11607,15332,66,5659,6037,4868
W,13661,-6605,-16688,3775,3758,2997
W,14200,-14807,-14858,51,4076,3278
W,13153,-13178,-13105,4186,108,5222
W,12393,-12951,-13170,2266,5341,5907
W,10709,-14197,-16227,3978,5982,2476
W,9321,-6449,6783,4399,5093,1817
W,10682,15252,13455,310,1579,2727
W,15914,4813,6555,3086,5727,3684
W,-3552,3765,2790,263,888,2870
W,-16493,2361,451,1388,2968,3922
W,-16946,1992,-1383,4184,2478,4849
W,-17556,931,-2793,1608,6523,5409
W,14142,10,-3810,5695,5459,6183
W,17484,-274,-4383,4812,5491,5146
W,17326,-152,-4735,801,5742,4078
W,16926,-168,-4480,737,6315,3074
W,16903,-254,-4518,1167,898,3578
W,16858,-284,-4533,1018,1046,3590
W,16737,-333,-4584,1303,905,3483
W,16590,-333,-4671,894,745,3577
W,16630,-342,-4704,1019,552,3624
W,16688,-353,-4731,1028,557,3656
W,16745,-362,-4754,1103,603,3583
W,16784,-379,-4786,1107,407,3588
W,16842,-400,-4832,1042,264,3684
W,16878,-420,-4853,1023,140,3634
W,16901,-426,-4868,1007,137,3615
W,16922,-434,-4875,900,165,3638
W,16979,-448,-4898,1096,154,3545
W,16996,-474,-4968,1200,29,3585
W,16940,-502,-5043,848,6398,3711
W,16990,-515,-5092,704,6162,3687
W,17115,-539,-5124,1010,6098,3823
W,17104,-546,-5074,989,6075,3739
W,17094,-530,-5027,854,42,3632
W,17021,-546,-4992,1037,6522,3617
W,16900,-580,-4999,748,6278,3645
W,16910,-610,-5006,628,6257,3673
W,17041,-625,-4991,750,6282,3449
W,17121,-612,-5021,907,6208,3622
W,17047,-618,-5038,711,6302,3720
W,16906,-605,-5052,801,6253,3637
W,16704,-662,-5068,632,6375,3652
W,16560,-668,-5080,117,6106,3648
W,16645,-634,-5091,399,6194,3692
W,16768,-632,-5082,996,6360,3673
W,16749,-665,-5102,700,6279,3694
W,16725,-688,-5111,517,6002,3670
W,16775,-688,-5095,752,6272,3678
W,16730,-712,-5100,633,6198,3589
W,16740,-699,-5111,396,6032,3651
W,16840,-677,-5111,889,6227,3637
W,16832,-693,-5129,967,6187,3631
W,16802,-699,-5174,648,6200,3748
W,16780,-729,-5200,691,6059,3747
W,16847,-747,-5197,673,6149,3782
W,16733,-794,-5184,814,6253,3630
W,16455,-843,-5185,245,6009,3677
W,16361,-830,-5180,145,5904,3679
W,16392,-803,-5167,572,6052,3670
W,16385,-782,-5166,501,6135,3720
W,16363,-768,-5159,560,6136,3674
W,16353,-752,-5152,534,6134,3692
W,16356,-740,-5142,567,6152,3679
W,16386,-718,-5138,519,6154,3643
W,16443,-701,-5149,672,6262,3675
W,16467,-689,-5160,645,6182,3701
W,16496,-673,-5169,696,6219,3660
W,16508,-664,-5184,726,6200,3697
W,16520,-658,-5195,715,6167,3701
W,16524,-654,-5204,748,6175,3710
W,16512,-655,-5206,734,6133,3701
W,16505,-655,-5204,698,6172,3710
W,16492,-662,-5201,734,6219,3705
W,16467,-671,-5202,651,6175,3693
W,16450,-675,-5200,628,6162,3701
W,16435,-677,-5199,666,6209,3666
W,16417,-678,-5205,619,6118,3711
W,16417,-677,-5197,694,6172,3721
W,16402,-682,-5193,649,6201,3694
W,16399,-683,-5187,631,6174,3691
W,16398,-687,-5189,676,6223,3688
W,16394,-688,-5190,652,6188,3691
W,16393,-690,-5192,692,6211,3693
W,16383,-693,-5197,670,6198,3701
W,16370,-697,-5201,687,6187,3678
W,16349,-700,-5204,643,6182,3712
W,16329,-703,-5197,671,6182,3685
W,16312,-704,-5195,616,6190,3706
W,16305,-707,-5194,681,6194,3732
W,16179,-716,-5183,1399,6483,3974
W,15436,-554,-5176,702,6194,4308
W,14308,140,-4493,1213,655,4723
W,11119,1538,-3638,6344,909,4566
W,8208,3738,-3196,4937,823,4581
W,7451,6318,-4067,3731,2364,4114
W,8446,9640,-12086,1060,3184,1715
W,11190,12977,-17318,5621,6134,2705
W,14292,16351,-17203,3290,4804,1233
W,15355,-16489,-16137,1848,3330,132
W,14887,-14269,-14885,1181,5499,3091
W,13691,-13064,-13337,5759,225,4094
W,13253,-13465,-13641,4491,3431,5103
W,11331,-15058,-16929,4424,4187,5411
W,10394,2949,13260,675,1041,2834
W,11612,11946,11368,1983,1748,6165
W,14538,4892,3483,5459,331,399
W,16167,3332,-360,4717,6359,5992
W,10452,1954,-2962,4069,824,1343
W,-17734,1115,-4615,3172,4489,1169
W,-17796,749,-5039,1688,4310,5907
W,-10707,595,-5113,2196,5578,4918
W,17562,673,-4734,1679,360,3674
W,17288,579,-4685,1467,1756,3172
W,16920,379,-4835,1921,1642,3567
W,16207,135,-5003,1086,1488,3651
W,15662,-117,-5087,398,865,3814
W,15469,-325,-5048,195,662,3885
W,15612,-767,-5000,6551,494,3815
W,15646,-691,-5026,6369,6264,3901
W,15988,-612,-4959,1267,811,3620
W,16178,-641,-5053,942,826,3881
W,16217,-684,-5059,1104,693,3775
W,16130,-727,-5083,810,396,3758
W,16106,-751,-5105,688,219,3793
W,16118,-786,-5106,874,343,3821
W,16042,-837,-5102,794,269,3729
W,15970,-868,-5120,600,98,3780
W,15925,-894,-5124,638,65,3757
W,15896,-907,-5134,642,111,3785
W,15850,-930,-5143,621,46,3756
W,15810,-942,-5152,582,6539,3755
W,15789,-946,-5169,554,6506,3759
W,15786,-945,-5179,635,6515,3767
W,15781,-940,-5194,626,6487,3750
W,15806,-926,-5209,620,6474,3776
W,15836,-922,-5226,769,6530,3766
W,15833,-923,-5244,683,6431,3782
W,15838,-921,-5257,709,6432,3756
W,15831,-924,-5271,741,6399,3794
W,15813,-924,-5279,674,6381,3779
W,15803,-926,-5284,705,6399,3761
W,15785,-923,-5292,672,6328,3765
W,15791,-913,-5296,679,6355,3786
W,15798,-911,-5303,755,6418,3776
W,15790,-914,-5312,690,6319,3779
W,15782,-919,-5317,738,6298,3781
W,15769,-916,-5314,667,6301,3779
W,15764,-916,-5314,692,6374,3774
W,15773,-912,-5318,682,6313,3765
W,15772,-912,-5325,741,6362,3796
W,15755,-911,-5321,701,6313,3780
W,15736,-916,-5322,728,6371,3781
W,15718,-918,-5318,667,6303,3774
W,15708,-922,-5318,722,6374,3772
W,15686,-927,-5318,691,6335,3770
W,15674,-925,-5317,669,6312,3780
W,15674,-922,-5319,700,6360,3761
W,15663,-921,-5324,714,6352,3771
W,15659,-916,-5323,683,6301,3792
W,15662,-917,-5325,734,6391,3781
W,15642,-921,-5325,688,6312,3771
W,15638,-918,-5324,696,6339,3766
W,15624,-918,-5326,698,6334,3773
W,15611,-917,-5324,701,6321,3773
W,15601,-915,-5323,696,6322,3789
W,15589,-914,-5320,701,6357,3757
W,15581,-907,-5320,665,6309,3764
W,15587,-901,-5319,762,6402,3761
W,15565,-902,-5326,726,6376,3783
W,15539,-906,-5328,716,6319,3790
W,15504,-912,-5327,702,6306,3775
W,15476,-912,-5322,643,6303,3769
W,15464,-912,-5320,696,6357,3765
W,15457,-907,-5320,657,6323,3780
W,15455,-903,-5319,721,6394,3759
W,15437,-900,-5321,687,6334,3786
W,15431,-897,-5318,715,6381,3782
W,15411,-901,-5318,719,6402,3777
W,15384,-900,-5315,649,6313,3758
W,15376,-898,-5315,685,6382,3767
W,15361,-897,-5315,698,6371,3772
W,15343,-898,-5314,678,6374,3765
W,15332,-898,-5314,676,6370,3778
W,15325,-901,-5314,695,6378,3771
W,15310,-905,-5317,711,6402,3750
W,15294,-906,-5318,664,6309,3789
W,15284,-913,-5317,735,6463,3763
W,15248,-902,-5293,665,6247,3956
W,15006,-744,-4851,1138,243,4423
W,13195,-154,-3960,1561,6266,4903
W,10001,1954,-3026,1002,5887,1550
W,9033,5077,-1676,5673,5691,953
W,9920,8187,5006,67,3328,436
W,12412,12744,13315,4397,3211,2161
W,15502,12785,16324,4632,4124,2087
W,16729,-16137,-16514,3381,2198,1615
W,16211,-14310,-14988,3226,4893,3913
W,14963,-13511,-14252,1650,4685,4840
W,13909,-13582,-14833,6322,1698,4051
W,12682,-15399,-3261,1253,1642,3768
W,11942,6393,16287,6089,6018,2161
W,12984,10145,10339,3562,2692,6129
W,16447,3341,2881,5075,1895,490
W,-25,2647,-758,6476,6540,813
W,-17846,2211,-2842,4637,200,1259
W,7001,1611,-3881,3849,3872,5870
W,17164,1069,-4264,1736,5050,4917
W,15956,947,-4387,6154,6073,3931
W,15786,865,-4204,145,1981,2720
W,15741,745,-4218,969,1804,3230
W,15627,613,-4271,1419,2006,3232
W,15268,451,-4419,587,1540,3462
W,14959,346,-4545,567,1025,3377
W,14830,256,-4661,419,884,3638
W,14877,207,-4703,404,891,3545
W,15036,163,-4754,680,982,3504
W,15169,77,-4812,759,854,3543
W,15289,-8,-4876,759,678,3614
W,15379,-84,-4904,835,508,3616
W,15426,-166,-4905,542,374,3602
W,15586,-178,-4943,694,357,3658
W,15713,-164,-4973,1229,472,3574
W,15710,-184,-5006,1010,315,3659
W,15717,-201,-5020,902,220,3644
W,15741,-226,-5025,983,281,3629
W,15707,-261,-5026,867,95,3679
W,15675,-290,-5018,849,178,3603
W,15663,-312,-5030,794,161,3613
W,15664,-327,-5041,792,59,3623
W,15677,-337,-5054,814,122,3633
W,15649,-350,-5069,871,53,3633
W,15605,-357,-5076,735,6532,3642
W,15538,-384,-5103,755,6431,3660
W,15484,-391,-5096,730,6465,3632
W,15434,-404,-5098,709,6486,3633
W,15382,-417,-5101,702,6459,3630
W,15326,-427,-5108,632,6376,3633
W,15309,-425,-5113,652,6370,3605
W,15310,-424,-5123,698,6457,3647
W,15303,-425,-5131,701,6404,3670
W,15318,-420,-5131,677,6500,3635
W,15328,-423,-5143,719,6500,3657
W,15318,-428,-5152,753,6443,3651
W,15301,-431,-5157,741,6402,3657
W,15284,-433,-5157,707,6433,3660
W,15273,-435,-5159,727,6453,3640
W,15246,-438,-5166,710,6412,3659
W,15237,-434,-5168,728,6421,3643
W,15212,-436,-5175,729,6443,3658
W,15185,-435,-5177,718,6367,3655
W,15165,-434,-5177,729,6406,3650
W,15155,-430,-5177,691,6419,3658
W,15146,-431,-5180,721,6421,3662
W,15145,-428,-5179,728,6429,3647
W,15132,-428,-5181,732,6419,3676
W,15126,-425,-5175,738,6439,3669
W,15114,-425,-5171,723,6472,3653
W,15106,-424,-5169,721,6464,3651
W,15091,-429,-5169,748,6451,3628
W,15083,-428,-5170,728,6415,3648
W,15078,-429,-5171,739,6428,3653
W,15076,-428,-5172,742,6421,3629
W,15072,-426,-5175,737,6464,3637
W,15065,-423,-5180,749,6446,3652
W,15045,-424,-5185,762,6457,3657
W,15028,-420,-5191,712,6404,3651
W,15027,-419,-5195,775,6495,3688
W,14996,-426,-5198,750,6446,3661
W,14978,-432,-5199,748,6443,3674
W,14962,-436,-5200,712,6431,3641
W,14957,-435,-5202,727,6452,3662
W,14957,-430,-5204,730,6454,3681
W,14946,-430,-5204,769,6489,3664
W,14928,-429,-5203,718,6445,3670
W,14918,-430,-5201,778,6501,3664
W,14894,-432,-5200,724,6448,3661
W,14883,-433,-5199,756,6493,3661
W,14874,-435,-5201,746,6458,3672
W,14853,-436,-5203,746,6478,3642
W,14829,-433,-5205,727,6385,3676
W,14827,-429,-5203,741,6510,3664
W,14816,-425,-5204,733,6466,3666
W,14813,-423,-5203,764,6510,3667
W,14795,-421,-5203,734,6486,3665
W,14779,-422,-5201,763,6518,3658
W,14760,-425,-5202,727,6475,3684
W,14740,-432,-5200,757,6505,3653
W,14693,-449,-5210,726,6498,3647
W,14653,-462,-5221,720,6421,3667
W,14640,-464,-5230,712,6419,3644
W,14692,-337,-5154,520,5678,3701
W,14214,382,-4581,1987,3181,5252
W,11793,2508,-3390,2415,5735,2468
W,10028,5720,-1461,999,2501,2772
W,12568,14368,15225,5778,4220,5767
W,15022,-3333,189,3100,2342,3443
W,15520,-14815,-14394,1054,1754,1356
W,15149,-13919,-11902,3109,6425,4238
W,14852,-13984,-11660,3288,5198,976
W,14211,-14373,-14380,6528,6358,3864
W,13531,-16416,134,3230,569,3408
W,13605,16616,14470,2565,5203,6358
W,14306,9309,8897,4373,2044,4059
W,15135,3631,3097,6357,3162,838
W,16696,2186,-1041,4241,745,1691
W,16655,1497,-3537,5145,126,1728
W,15984,709,-4563,2666,1424,70
W,14816,411,-4576,1000,3442,5017
W,15427,338,-3752,15,2546,1337
W,15969,68,-3896,1038,1932,2858
W,16065,-127,-3993,2104,2022,3168
W,15793,-202,-4283,730,1301,3685
W,15669,-257,-4385,417,840,3401
W,15716,-328,-4469,835,825,3591
W,15811,-367,-4516,843,884,3590
W,15907,-403,-4552,1085,1001,3483
W,15890,-439,-4604,952,655,3523
W,15884,-460,-4650,900,487,3572
W,15906,-484,-4692,872,479,3588
W,15947,-519,-4738,926,403,3543
W,15970,-546,-4790,996,223,3600
W,15957,-561,-4813,911,230,3645
W,15912,-582,-4825,891,197,3595
W,15862,-599,-4836,739,77,3602
W,15852,-615,-4846,794,95,3558
W,15843,-632,-4876,776,16,3625
W,15851,-645,-4888,776,63,3627
W,15827,-666,-4906,803,12,3581
W,15811,-669,-4922,734,6449,3586
W,15805,-666,-4935,731,6479,3611
W,15798,-663,-4942,783,6499,3602
W,15790,-661,-4958,745,6505,3618
W,15784,-659,-4969,758,6418,3640
W,15778,-660,-4976,787,6461,3626
W,15764,-663,-4984,751,6428,3619
W,15750,-668,-4989,748,6402,3635
W,15732,-677,-4992,748,6424,3610
W,15701,-687,-4996,706,6366,3617
W,15695,-691,-4997,714,6371,3624
W,15682,-699,-4998,744,6407,3634
W,15662,-704,-4996,652,6364,3611
W,15663,-709,-5003,712,6416,3610
W,15662,-715,-5013,714,6341,3640
W,15655,-722,-5017,752,6356,3629
W,15645,-727,-5020,695,6332,3629
W,15640,-730,-5025,752,6401,3589
W,15626,-729,-5030,694,6272,3648
W,15617,-731,-5031,762,6396,3625
W,15592,-732,-5031,690,6314,3632
W,15587,-729,-5034,696,6336,3617
W,15579,-728,-5040,731,6344,3625
W,15582,-722,-5047,732,6350,3633
W,15583,-723,-5050,761,6368,3621
W,15566,-724,-5053,740,6387,3644
W,15541,-728,-5053,735,6336,3635
W,15517,-731,-5053,722,6343,3638
W,15492,-733,-5054,690,6339,3635
W,15468,-735,-5054,710,6331,3618
W,15447,-734,-5055,690,6313,3646
W,15429,-735,-5053,721,6353,3634
W,15412,-735,-5054,679,6330,3643
W,15400,-738,-5054,735,6382,3623
W,15372,-740,-5057,679,6307,3645
W,15366,-739,-5053,699,6363,3636
W,15352,-740,-5055,696,6364,3642
W,15343,-738,-5056,693,6348,3638
W,15330,-738,-5057,715,6384,3635
W,15316,-736,-5057,696,6355,3638
W,15303,-736,-5056,706,6359,3638
W,15299,-734,-5057,707,6366,3645
W,15282,-736,-5057,731,6386,3617
W,15270,-731,-5056,685,6321,3653
W,15265,-732,-5054,738,6444,3635
W,15249,-731,-5055,678,6339,3644
W,15252,-727,-5054,737,6418,3632
W,15240,-730,-5056,724,6421,3639
W,15229,-729,-5056,711,6356,3626
W,15223,-730,-5055,725,6385,3642
W,15218,-729,-5053,736,6391,3619
W,15212,-727,-5052,740,6420,3644
W,15195,-727,-5048,738,6386,3643
W,15174,-728,-5042,724,6415,3630
W,15151,-726,-5038,672,6365,3610
W,15154,-723,-5044,722,6482,3611
W,15146,-724,-5054,736,6380,3643
W,15134,-727,-5057,742,6410,3630
W,15113,-733,-5063,733,6399,3638
W,15101,-732,-5067,715,6362,3597
W,15117,-721,-5075,738,6305,3545
W,15128,-557,-4977,1526,5374,3757
W,14014,456,-4089,2251,1687,6454
W,12819,2719,-2013,1397,1503,3224
W,12276,4922,2126,3725,5872,5134
W,13089,9389,8645,5299,1620,3929
W,15411,15710,14163,1420,3987,1391
W,17103,-6486,-6564,851,5044,740
W,16862,-14749,-13576,4546,4254,3746
W,15687,-13845,-11279,3540,463,3500
W,15375,-14074,-11206,3417,5892,1830
W,15370,-14401,-14315,2404,16,2964
W,15129,-16096,187,5832,1815,2709
W,15430,3371,14979,4628,4355,3317
W,15588,12108,9952,3722,3413,3721
W,15435,2873,4217,3796,1448,5546
W,16035,2070,-586,692,916,1755
W,16452,1383,-3432,3207,6229,3205
W,16688,1059,-4440,4023,2761,634
W,16700,831,-4530,2737,5096,5419
W,16536,646,-4360,823,490,3509
W,16537,458,-4372,1790,995,3050
W,16246,264,-4309,1518,426,3472
W,16325,144,-4418,535,1254,3710
W,16338,36,-4411,1009,1589,3363
W,16160,-58,-4467,775,1176,3490
W,16031,-124,-4522,530,869,3587
W,15985,-180,-4577,530,764,3555
W,15996,-224,-4622,583,663,3545
W,16015,-254,-4667,693,644,3560
W,15993,-267,-4714,616,605,3582
W,15972,-271,-4758,593,495,3574
W,15962,-277,-4810,672,366,3618
W,15934,-281,-4845,655,256,3653
W,15907,-289,-4868,648,205,3618
W,15899,-295,-4888,630,166,3630
W,15904,-306,-4902,702,185,3614
W,15889,-319,-4916,674,130,3612
W,15867,-331,-4927,642,27,3594
W,15885,-333,-4942,613,64,3601
W,15906,-338,-4960,743,34,3584
W,15903,-341,-4976,682,6507,3612
W,15907,-342,-4988,726,6523,3599
W,15909,-343,-5002,702,6547,3609
W,15896,-349,-5017,737,6504,3608
W,15874,-354,-5030,711,6440,3611
W,15847,-360,-5038,703,6436,3623
W,15822,-367,-5046,683,6415,3601
W,15804,-368,-5057,719,6399,3592
W,15773,-369,-5065,677,6342,3612
W,15759,-367,-5069,698,6373,3610
W,15749,-367,-5077,667,6411,3623
W,15748,-366,-5085,699,6394,3607
W,15741,-367,-5095,707,6391,3618
W,15724,-370,-5104,702,6380,3630
W,15703,-374,-5107,723,6348,3624
W,15684,-377,-5111,665,6350,3616
W,15666,-380,-5115,732,6383,3596
W,15643,-378,-5120,660,6279,3647
W,15644,-377,-5117,725,6408,3621
W,15624,-381,-5121,699,6351,3642
W,15613,-382,-5117,698,6380,3616
W,15590,-387,-5119,716,6377,3608
W,15572,-387,-5123,685,6320,3614
W,15568,-385,-5124,694,6352,3635
W,15561,-385,-5123,707,6366,3646
W,15540,-389,-5118,721,6425,3607
W,15510,-391,-5117,653,6306,3630
W,15511,-389,-5112,714,6415,3614
W,15493,-388,-5113,672,6345,3624
W,15490,-384,-5111,703,6366,3606
W,15496,-381,-5113,725,6387,3620
W,15495,-380,-5116,740,6398,3618
W,15491,-380,-5118,749,6376,3618
W,15488,-379,-5120,733,6387,3608
W,15479,-377,-5123,759,6386,3600
W,15457,-375,-5125,729,6341,3631
W,15444,-374,-5125,732,6389,3617
W,15429,-373,-5127,718,6398,3622
W,15410,-374,-5129,722,6407,3618
W,15384,-376,-5132,722,6371,3624
W,15366,-375,-5134,710,6368,3629
W,15353,-376,-5136,736,6398,3629
W,15330,-377,-5139,739,6412,3606
W,15315,-375,-5141,704,6344,3643
W,15310,-374,-5137,745,6451,3619
W,15291,-371,-5133,703,6374,3638
W,15287,-368,-5130,722,6433,3614
W,15279,-366,-5129,730,6424,3625
W,15263,-365,-5129,723,6429,3628
W,15248,-365,-5129,728,6434,3617
W,15238,-361,-5128,730,6397,3634
W,15231,-354,-5123,762,6447,3604
W,15213,-348,-5126,740,6385,3637
W,15210,-344,-5122,744,6463,3624
W,15183,-356,-5123,718,6464,3617
W,15093,-412,-5100,777,6523,3657
W,14896,-571,-4987,435,6382,3552
W,14841,-592,-4994,374,5956,3723
W,14487,-352,-4621,1879,4041,4485
W,13687,805,-3120,2597,3165,1232
W,12932,2663,142,4838,883,708
W,13284,3967,5758,4960,1339,2941
W,15904,15211,12034,5239,4132,1588
W,-10374,6683,3030,90,108,6250
W,-17510,-15798,-14541,5461,1145,1579
W,13924,-14379,-12691,293,1161,6055
W,16855,-14369,-13515,4697,3339,6089
W,16722,-15385,-15757,4357,6552,1216
W,16282,-10043,6560,1154,947,1866
W,15720,16393,14182,3862,4184,561
W,14941,8918,8802,6390,5028,4683
W,14543,1484,2522,890,2013,771
W,15004,115,-1251,2713,125,2629
W,14777,-77,-3243,3158,4047,1594
W,14910,-166,-3976,2346,3832,6351
W,15431,63,-3965,1196,6500,4101
W,15761,92,-4060,1311,1177,3047
W,15609,-37,-4234,1652,337,3456
W,15409,-105,-4163,716,373,3981
W,15596,-114,-4087,248,2026,3110
W,15514,-188,-4217,777,1521,3237
W,15285,-253,-4349,664,691,3545
W,15213,-299,-4442,366,763,3481
W,15211,-342,-4545,543,611,3532
W,15222,-375,-4602,584,558,3593
W,15243,-390,-4637,515,570,3506
W,15280,-399,-4687,755,438,3600
W,15293,-406,-4725,653,441,3620
W,15289,-404,-4750,567,414,3514
W,15297,-409,-4793,733,351,3587
W,15285,-422,-4821,702,246,3608
W,15286,-430,-4845,673,200,3620
W,15272,-439,-4857,722,264,3565
W,15212,-450,-4882,615,125,3586
W,15182,-453,-4899,671,84,3582
W,15149,-457,-4916,678,109,3604
W,15100,-463,-4928,656,20,3615
W,15064,-474,-4935,697,55,3608
W,15009,-490,-4943,642,5,3618
W,14951,-503,-4947,605,6494,3584
W,14917,-508,-4953,589,6500,3551
W,14900,-501,-4961,598,6407,3577
W,14920,-488,-4965,660,6523,3597
W,14925,-479,-4969,674,6522,3593
W,14942,-469,-4972,658,6523,3589
W,14962,-464,-4980,738,32,3604
W,14959,-464,-4987,707,4,3596
W,14959,-464,-4995,706,6534,3602
W,14947,-469,-5004,757,6540,3589
W,14920,-472,-5009,709,6440,3610
W,14915,-475,-5008,742,6527,3598
W,14889,-482,-5012,731,6486,3590
W,14878,-485,-5014,712,6441,3588
W,14875,-488,-5015,778,6487,3584
W,14858,-487,-5017,719,6447,3595
W,14860,-482,-5016,717,6476,3574
W,14868,-478,-5023,752,6525,3581
W,14856,-476,-5031,774,6487,3595
W,14847,-471,-5033,733,6454,3604
W,14840,-470,-5034,763,6538,3591
W,14817,-470,-5036,748,6486,3616
W,14787,-476,-5030,768,6535,3607
W,14738,-485,-5026,719,6508,3609
W,14677,-495,-5021,713,6516,3592
W,14628,-501,-5013,618,6425,3615
W,14604,-510,-4999,735,25,3556
W,14520,-524,-4994,671,6407,3594
W,14454,-531,-4981,643,6450,3567
W,14395,-529,-4970,546,6389,3567
W,14379,-523,-4969,630,6464,3552
W,14377,-518,-4974,673,6507,3579
W,14376,-512,-4980,668,6488,3576
W,14393,-504,-4988,692,6523,3587
W,14406,-497,-4997,704,6522,3584
W,14414,-489,-5004,719,6541,3568
W,14418,-480,-5009,709,6493,3610
W,14429,-475,-5009,766,77,3589
W,14406,-471,-5007,711,6511,3593
W,14403,-469,-5006,736,56,3577
W,14376,-472,-5008,755,6548,3592
W,14354,-473,-5007,729,6534,3567
W,14334,-474,-5007,777,6506,3597
W,14320,-472,-5003,703,6534,3581
W,14317,-472,-5005,754,31,3557
W,14298,-469,-5009,747,6464,3602
W,14306,-465,-5001,745,64,3567
W,14295,-467,-5006,740,29,3581
W,14286,-465,-5005,737,6532,3575
W,14279,-465,-5004,771,26,3569
W,14267,-464,-5004,759,6545,3571
W,14262,-463,-5003,761,0,3582
W,14267,-461,-5004,740,32,3562
W,14253,-475,-5011,868,236,3515
W,14008,-575,-5077,832,340,3474
W,13626,-739,-5146,478,5992,3644
W,13401,-842,-5218,411,5885,3654
W,13363,-788,-5267,505,5226,3974
W,13408,-625,-4882,1008,5593,4312
W,12590,388,-3497,2749,2457,150
W,12069,2221,-669,2097,3012,1122
W,12245,3860,3463,1985,3491,4676
W,13885,8191,8380,1984,5917,1022
W,13232,15728,13429,62,6549,5690
W,-17111,-1,194,3112,6104,381
W,-17356,-15722,-13712,706,1752,2102
W,16863,-14404,-11031,107,3604,2549
W,16859,-14468,-12120,5355,4950,604
W,17382,-15507,-14531,239,1133,2876
W,17394,-10069,82,4573,6053,1261
W,16784,16384,13935,3154,5588,4135
W,15406,5738,7332,4096,1644,6432
W,14630,236,1977,2815,351,3564
W,14162,165,-1474,451,2889,1925
W,14724,-355,-3643,3778,4105,792
W,14854,-162,-4106,3639,4699,5859
W,14774,128,-3962,1023,1269,3961
W,14887,87,-3846,229,2246,2432
W,15006,-256,-4243,734,1272,3231
W,14293,-363,-4486,1826,6060,4334
W,14233,-317,-4296,6205,1110,3232
W,14296,-376,-4375,6460,1327,3249
W,14217,-449,-4522,380,426,3915
W,14257,-433,-4511,345,1293,3561
W,14143,-463,-4580,138,738,3435
W,14176,-467,-4634,333,520,3689
W,14232,-484,-4678,472,844,3567
W,14216,-500,-4730,405,469,3633
W,14218,-508,-4758,481,537,3605
W,14195,-514,-4792,479,409,3600
W,14183,-515,-4816,534,399,3615
W,14157,-522,-4834,549,337,3624
W,14149,-531,-4847,580,332,3606
W,14140,-542,-4863,583,299,3614
W,14136,-548,-4876,570,238,3605
W,14149,-552,-4890,607,250,3596
W,14155,-556,-4908,628,234,3597
W,14153,-557,-4919,656,147,3610
W,14165,-555,-4928,627,198,3608
W,14184,-553,-4944,642,164,3579
W,14214,-548,-4962,698,137,3606
W,14242,-545,-4973,757,180,3604
W,14261,-545,-4989,735,165,3630
W,14261,-548,-5001,763,209,3608
W,14224,-555,-5008,743,84,3590
W,14214,-555,-5011,732,110,3646
W,14194,-568,-5030,759,151,3562
W,14190,-573,-5058,709,6480,3647
W,14218,-571,-5061,814,55,3644
W,14216,-577,-5063,770,157,3645
W,14188,-579,-5067,721,3,3596
W,14201,-561,-5063,784,101,3675
W,14160,-559,-5059,782,168,3607
W,14124,-552,-5063,722,6541,3611
W,14133,-541,-5059,766,71,3646
W,14129,-551,-5050,804,2,3749
W,14118,-580,-5015,703,232,3502
W,14057,-606,-5014,658,6536,3657
W,14052,-603,-5004,673,176,3529
W,14008,-602,-5020,723,99,3606
W,13953,-597,-5012,766,6502,3641
W,13913,-595,-5002,699,47,3599
W,13902,-589,-4995,672,6545,3592
W,13918,-587,-5003,703,142,3576
W,13910,-581,-5012,748,50,3610
W,13897,-579,-5017,753,26,3607
W,13899,-578,-5018,734,80,3599
W,13880,-585,-5024,745,68,3620
W,13869,-588,-5023,720,35,3605
W,13859,-593,-5024,717,126,3601
W,13831,-596,-5028,721,41,3609
W,13811,-598,-5031,745,47,3594
W,13796,-594,-5030,736,18,3610
W,13790,-590,-5029,734,95,3612
W,13789,-586,-5030,724,69,3611
W,13788,-582,-5032,748,134,3601
W,13766,-578,-5034,739,56,3615
W,13760,-574,-5035,756,145,3603
W,13730,-576,-5038,750,37,3631
W,13717,-576,-5035,737,106,3604
W,13693,-578,-5034,740,46,3618
W,13680,-577,-5030,724,79,3596
W,13676,-577,-5030,745,88,3614
W,13672,-578,-5026,747,101,3624
W,13660,-580,-5025,742,156,3589
W,13630,-581,-5025,739,44,3624
W,13623,-581,-5021,731,162,3593
W,13590,-584,-5022,731,95,3620
W,13570,-583,-5021,719,91,3590
W,13553,-582,-5024,745,85,3614
W,13528,-582,-5022,748,88,3599
W,13510,-578,-5020,727,62,3598
W,13510,-576,-5019,741,138,3615
W,13491,-578,-5017,728,103,3611
W,13471,-582,-5018,713,190,3567
W,13349,-631,-5058,756,144,3546
W,13282,-643,-5070,696,6317,3800
W,13158,-567,-4728,1262,5936,4205
W,12059,45,-3531,3873,3156,5378
W,11368,1413,-1437,1041,1565,1625
W,11188,3314,1984,5018,3295,3631
W,12808,7254,7390,605,3090,5367
W,6249,15330,13562,3207,3601,3118
W,-16482,-6405,-3208,6050,1758,5359
W,-16291,-14324,-12724,409,796,6254
W,3406,-13296,-10793,3910,1383,1262
W,15716,-13289,-10124,5513,1811,1447
W,3322,-13657,-13143,3876,4129,5101
W,-17686,-15400,-6490,2573,20,2596
W,6954,3156,15837,1040,337,2241
W,14738,10325,10062,2282,6177,4826
W,11478,2908,3673,4447,3273,1081
W,10591,2393,976,2545,3931,5281
W,11041,1270,-960,6326,3385,5878
W,11754,604,-2484,205,1567,5164
W,12961,190,-3643,1732,982,5709
W,13935,-2,-4164,2993,6466,5062
W,14235,-49,-4239,1570,703,4294
W,14106,111,-4232,872,1386,3352
W,13649,175,-4271,3204,1544,3412
W,13194,58,-4143,6135,1013,3319
W,13381,35,-4231,6040,1411,3410
W,13342,-21,-4290,403,1521,3224
W,13258,-86,-4388,318,936,3480
W,13367,-93,-4454,34,913,3458
W,13536,-112,-4499,439,1058,3535
W,13609,-173,-4510,504,1199,3600
W,13532,-246,-4528,314,973,3424
W,13410,-235,-4631,433,747,3478
W,13314,-232,-4693,482,487,3569
W,12613,-626,-4885,227,6319,3678
W,12548,-794,-4961,293,6239,3904
W,12637,-862,-5000,236,6216,3739
W,12602,-805,-5002,231,5975,3674
W,12751,-652,-4946,481,6064,3684
W,13237,-543,-4850,700,881,3550
W,13416,-538,-4849,707,1100,3437
W,13276,-557,-4892,632,266,3628
W,13261,-551,-4902,651,244,3591
W,13289,-557,-4925,698,329,3606
W,13296,-560,-4931,739,357,3599
W,13255,-567,-4942,658,257,3589
W,13250,-568,-4947,706,290,3602
W,13222,-577,-4955,726,274,3594
W,13198,-580,-4961,684,203,3599
W,13184,-584,-4966,720,265,3582
W,13159,-585,-4977,690,192,3591
W,13135,-587,-4985,736,219,3601
W,13084,-594,-5010,686,220,3587
W,13071,-586,-5017,741,82,3649
W,13082,-586,-5011,727,256,3623
W,13048,-591,-5006,691,209,3607
W,13026,-595,-5011,692,177,3597
W,13013,-597,-5010,736,180,3609
W,12994,-599,-5009,673,211,3592
W,12985,-599,-5014,719,192,3589
W,12969,-600,-5021,742,178,3610
W,12955,-596,-5022,712,178,3592
W,12951,-592,-5027,724,178,3616
W,12941,-594,-5031,743,248,3615
W,12891,-599,-5032,714,154,3614
W,12859,-599,-5034,716,182,3601
W,12830,-597,-5037,717,136,3604
W,12823,-593,-5039,725,181,3617
W,12815,-592,-5042,719,222,3611
W,12791,-593,-5046,721,203,3614
W,12771,-595,-5046,726,191,3639
W,12746,-599,-5048,695,215,3613
W,12721,-600,-5049,702,154,3625
W,12704,-601,-5051,711,220,3602
W,12676,-597,-5053,708,155,3620
W,12669,-593,-5054,697,208,3628
W,12661,-590,-5056,717,243,3608
W,12626,-588,-5056,750,186,3618
W,12612,-584,-5052,710,195,3610
W,12597,-584,-5056,720,230,3603
W,12573,-582,-5057,757,153,3624
W,12555,-578,-5050,714,201,3601
W,12544,-573,-5051,701,216,3617
W,12537,-572,-5050,711,253,3629
W,12520,-573,-5047,714,250,3621
W,12488,-574,-5045,694,235,3621
W,12493,-572,-5042,698,238,3636
W,12488,-578,-5045,699,303,3617
W,12465,-580,-5045,705,208,3612
W,12455,-581,-5044,709,264,3598
W,12440,-577,-5045,701,198,3613
W,12411,-572,-5047,723,273,3614
W,12390,-571,-5047,728,220,3597
W,12380,-572,-5048,738,269,3634
W,12349,-575,-5045,677,279,3606
W,12311,-579,-5055,712,220,3604
W,12292,-578,-5059,719,221,3618
W,12259,-575,-5058,707,238,3608
W,12234,-582,-5024,723,168,3681
W,12089,-665,-4874,921,186,3615
W,10649,-364,-4327,2700,5330,5031
W,8860,927,-2851,1967,1151,1097
W,8255,3208,-336,2648,5076,986
W,9498,5370,4259,1966,5335,1382
W,8191,12292,11430,3113,4694,2479
W,-15470,15644,13016,1243,3595,2479
W,-14622,-9114,-16451,1609,4579,3345
W,-11465,-13551,-13749,4300,5155,4705
W,-12289,-12764,-12422,4756,1754,1746
W,-14137,-13243,-11533,787,3183,488
W,-16491,-13771,-13249,3212,542,6258
W,-16853,-15650,-16844,3927,2362,5028
W,-17282,6534,15936,3760,2643,929
W,16014,10435,10035,1117,5544,5725
W,12090,2719,4339,1889,431,6312
W,11667,1595,494,2965,1282,6305
W,11941,939,-2122,1572,3476,1798
W,12655,517,-3601,4559,881,657
W,13159,289,-4076,2779,265,5570
W,13485,122,-4093,1090,1100,4405
W,13242,96,-3926,6253,1807,3569
W,12664,-14,-3672,5633,1846,3186
W,12214,-287,-3469,674,2401,2849
W,11810,-422,-3612,5172,866,3048
W,11670,-311,-3917,5754,1324,3143
W,11100,-115,-4249,6382,788,3466
W,10816,-110,-4417,6327,449,3649
W,10802,-106,-4510,6274,677,3466
W,10799,-96,-4605,6440,761,3525
W,10847,-80,-4686,6527,759,3562
W,10946,-82,-4777,51,775,3595
W,11024,-134,-4809,242,635,3782
W,11084,-393,-4795,222,545,3594
W,11047,-372,-4829,264,454,3598
W,11040,-359,-4854,301,460,3598
W,11062,-367,-4867,311,477,3586
W,11073,-367,-4888,374,552,3554
W,11012,-357,-4934,463,480,3590
W,10956,-318,-4967,503,359,3686
W,11012,-350,-4916,372,470,3533
W,11016,-340,-4946,462,541,3553
W,10971,-293,-4993,528,422,3577
W,11011,-254,-5029,582,460,3629
W,11056,-240,-5044,589,558,3600
W,11043,-243,-5054,590,518,3601
W,11034,-246,-5064,629,490,3586
W,11007,-247,-5070,611,436,3592
W,11012,-244,-5073,612,473,3593
W,10974,-253,-5078,623,538,3608
W,10884,-260,-5077,649,341,3596
W,10871,-259,-5073,632,376,3582
W,10895,-257,-5069,626,415,3606
W,10904,-257,-5063,593,475,3580
W,10901,-256,-5063,588,461,3567
W,10902,-257,-5076,603,482,3558
W,10875,-261,-5093,654,471,3599
W,10808,-268,-5100,691,408,3612
W,10737,-273,-5103,606,388,3582
W,10691,-274,-5112,640,344,3604
W,10681,-272,-5118,627,415,3584
W,10659,-270,-5130,631,392,3609
W,10644,-268,-5136,669,426,3616
W,10606,-269,-5144,641,425,3614
W,10564,-269,-5149,677,367,3606
W,10539,-267,-5151,628,405,3600
W,10514,-262,-5152,650,391,3620
W,10494,-261,-5155,617,426,3597
W,10453,-262,-5161,674,385,3634
W,10414,-260,-5156,662,390,3590
W,10388,-259,-5158,651,376,3616
W,10381,-256,-5154,635,422,3602
W,10368,-256,-5152,639,407,3617
W,10372,-256,-5153,615,423,3618
W,10362,-257,-5156,632,449,3594
W,10328,-259,-5158,664,383,3641
W,10329,-258,-5150,618,463,3611
W,10295,-263,-5153,606,427,3616
W,10277,-263,-5151,643,397,3611
W,10254,-264,-5152,616,448,3619
W,10223,-262,-5150,624,406,3621
W,10210,-260,-5150,622,451,3615
W,10184,-262,-5149,616,444,3627
W,10158,-262,-5147,618,423,3614
W,10137,-262,-5148,605,448,3581
W,10113,-260,-5151,659,378,3633
W,10110,-257,-5145,593,477,3608
W,10082,-253,-5143,610,419,3608
W,10085,-248,-5142,604,450,3603
W,10076,-246,-5143,617,473,3620
W,10057,-245,-5141,604,465,3610
W,10052,-246,-5141,611,462,3597
W,10044,-249,-5140,601,470,3612
W,10025,-251,-5141,609,464,3585
W,9994,-253,-5143,604,479,3615
W,9952,-252,-5142,622,421,3610
W,9935,-254,-5141,600,501,3605
W,9876,-258,-5140,589,448,3632
W,9814,-251,-5134,640,293,3560
W,9972,-103,-5079,1899,6309,3867
W,9545,645,-4586,5452,4681,419
W,9229,2265,-2454,6202,3852,2863
W,9603,4265,1384,1469,1491,4150
W,12176,7582,7660,4324,4574,3950
W,-321,15053,13913,2625,1489,4341
W,-16222,-2701,6725,6482,2402,5436
W,-12424,-13199,-13782,4307,1233,3742
W,-7868,-12350,-10415,295,5121,3066
W,-7939,-12142,-9969,377,2638,3497
W,-12176,-12708,-11546,2504,2860,3727
W,-15367,-14098,-12645,1808,4923,6309
W,-16844,-6435,16544,365,3480,1777
W,6450,15475,13224,5880,5944,5659
W,12577,6010,6680,4195,1005,5257
W,10429,2840,1134,3877,239,5478
W,10621,1608,-2228,5335,4501,2447
W,11450,939,-4004,3742,2692,1230
W,11799,430,-4724,3931,698,15
W,12303,131,-4647,1541,6537,4756
W,11824,-167,-4331,2006,1643,4125
W,11485,-219,-4090,5418,1398,2617
W,11552,-246,-4290,5881,1073,3738
W,11816,-379,-4307,6242,2047,3577
W,11754,-458,-4368,5863,1679,3485
W,11545,-504,-4460,6026,1032,3480
W,11494,-534,-4549,6418,838,3624
W,11561,-550,-4627,6435,1065,3597
W,11538,-562,-4712,14,936,3653
W,11482,-571,-4771,152,784,3699
W,11479,-584,-4818,131,752,3701
W,11480,-603,-4856,171,768,3707
W,11470,-625,-4889,199,711,3635
W,11472,-636,-4928,297,531,3697
W,11538,-645,-4952,310,706,3693
W,11524,-655,-4984,289,674,3663
W,11511,-657,-5018,408,496,3704
W,11531,-661,-5042,471,621,3706
W,11494,-669,-5058,448,537,3703
W,11456,-676,-5072,479,484,3699
W,11439,-678,-5082,496,460,3704
W,11397,-680,-5087,498,538,3693
W,11319,-680,-5091,506,337,3704
W,11341,-678,-5097,488,444,3668
W,11363,-682,-5111,568,502,3709
W,11344,-686,-5119,537,448,3689
W,11326,-689,-5129,578,424,3681
W,11328,-688,-5138,579,421,3702
W,11319,-690,-5146,586,430,3696
W,11312,-690,-5155,594,402,3696
W,11303,-692,-5163,628,422,3689
W,11283,-693,-5167,620,372,3703
W,11277,-695,-5168,594,447,3692
W,11238,-700,-5172,609,382,3706
W,11215,-702,-5173,609,396,3688
W,11182,-707,-5177,628,396,3696
W,11144,-712,-5180,633,373,3694
W,11111,-716,-5185,612,378,3713
W,11077,-717,-5184,625,361,3677
W,11057,-712,-5189,612,371,3688
W,11025,-708,-5191,636,369,3715
W,10997,-709,-5192,604,415,3699
W,10944,-710,-5195,614,357,3714
W,10905,-709,-5194,611,369,3696
W,10864,-709,-5199,623,344,3712
W,10829,-709,-5200,627,384,3698
W,10786,-711,-5203,633,364,3700
W,10751,-710,-5203,625,335,3709
W,10745,-709,-5203,608,397,3685
W,10714,-708,-5209,619,387,3712
W,10688,-706,-5207,623,382,3705
W,10645,-707,-5210,591,394,3711
W,10602,-707,-5210,646,352,3708
W,10581,-705,-5208,619,382,3706
W,10559,-703,-5207,602,376,3700
W,10550,-701,-5209,610,409,3709
W,10528,-702,-5208,601,407,3707
W,10506,-703,-5207,617,390,3702
W,10505,-702,-5206,607,400,3709
W,10476,-704,-5204,588,434,3691
W,10451,-699,-5201,626,353,3717
W,10458,-698,-5201,573,482,3709
W,10408,-699,-5197,599,408,3700
W,10386,-696,-5196,596,378,3675
W,10402,-691,-5200,619,428,3701
W,10413,-689,-5201,609,455,3713
W,10394,-691,-5202,607,454,3693
W,10380,-690,-5205,593,448,3693
W,10358,-690,-5207,628,440,3714
W,10328,-690,-5208,608,455,3692
W,10290,-689,-5210,622,428,3719
W,10258,-692,-5203,601,445,3710
W,10209,-696,-5201,573,424,3702
W,10184,-695,-5200,595,393,3704
W,10174,-695,-5201,596,460,3697
W,10165,-692,-5203,594,421,3697
W,10175,-690,-5206,607,458,3702
W,10183,-689,-5210,596,451,3700
W,10204,-684,-5214,593,466,3718
W,10200,-687,-5212,596,520,3710
W,10124,-693,-5214,565,498,3666
W,10046,-691,-5216,670,319,3726
W,10057,-686,-5189,683,282,3865
W,9867,-700,-4773,1506,346,4622
W,7961,172,-3721,4485,4862,6100
W,7928,1939,-1727,456,2906,1735
W,8694,3945,1655,1889,5377,4015
W,11792,7474,7378,3134,361,3763
W,-9514,14796,12853,5945,1284,4210
W,-14089,10108,15431,3858,6094,2783
W,-12366,-15908,3375,3939,739,5930
W,-9017,-13512,-13975,4460,1789,1578
W,-10081,-12758,-14864,1843,4259,1192
W,-11186,-13644,-14498,3371,5044,5720
W,-13578,-15211,-12691,1120,3201,429
W,-15590,-148,16581,718,3265,2233
W,-493,13826,12110,4361,3027,5380
W,10226,1109,152,4130,1770,94
W,10062,734,-3009,728,4842,3387
W,10113,246,-4575,5424,155,1866
W,10028,42,-4580,4245,2099,5664
W,8571,168,-3762,6438,6087,2398
W,9208,200,-3763,4398,493,2406
W,9913,89,-4085,5595,2146,3570
W,10183,-74,-4130,5854,2696,3414
W,9768,-157,-4264,5473,1416,3375
W,9440,-184,-4396,6188,432,3638
W,9586,-195,-4427,6076,1005,3559
W,9755,-232,-4484,6001,1241,3446
W,9752,-276,-4560,6321,946,3588
W,9796,-316,-4611,6391,920,3604
W,9848,-360,-4654,6408,959,3577
W,9842,-393,-4714,6531,771,3582
W,9840,-413,-4744,197,976,3594
W,9641,-442,-4754,159,581,3587
W,9585,-435,-4766,35,475,3495
W,9656,-428,-4807,258,696,3561
W,9692,-419,-4834,199,792,3597
W,9618,-418,-4854,307,666,3600
W,9564,-414,-4861,317,674,3591
W,9536,-414,-4876,291,634,3578
W,9549,-420,-4895,334,681,3584
W,9527,-428,-4907,431,587,3612
W,9523,-434,-4910,356,603,3587
W,9511,-441,-4917,361,620,3600
W,9466,-452,-4924,382,582,3567
W,9431,-455,-4935,399,491,3566
W,9433,-457,-4950,455,568,3587
W,9388,-462,-4960,462,580,3600
W,9305,-466,-4967,484,489,3575
W,9264,-471,-4973,505,551,3588
W,9209,-481,-4976,504,508,3601
W,9144,-488,-4976,497,446,3574
W,9129,-489,-4979,482,450,3569
W,9124,-489,-4990,497,519,3572
W,9084,-485,-4996,541,457,3595
W,9089,-480,-4997,521,514,3583
W,9082,-480,-4999,505,538,3615
W,9073,-477,-4994,507,496,3595
W,9090,-477,-4993,447,544,3576
W,9092,-480,-5000,477,549,3594
W,9061,-484,-5004,511,539,3609
W,9019,-487,-5006,488,517,3578
W,8974,-490,-5015,503,532,3579
W,8916,-490,-5015,588,496,3619
W,8860,-494,-5013,471,549,3566
W,8716,-516,-5031,495,572,3555
W,8492,-545,-5051,573,387,3605
W,8321,-575,-5052,576,277,3608
W,8281,-588,-5060,622,218,3594
W,8409,-595,-5089,570,352,3649
W,8539,-623,-5106,491,536,3618
W,8544,-676,-5114,569,491,3657
W,8540,-727,-5116,565,311,3670
W,8545,-768,-5118,510,427,3649
W,8524,-847,-5130,571,284,3697
W,8564,-1044,-5163,578,190,3640
W,8552,-1268,-5239,725,6553,3706
W,8544,-1430,-5307,739,6507,3729
W,8466,-1508,-5369,671,46,3739
W,8296,-1508,-5411,749,6514,3775
W,8276,-1490,-5429,737,18,3793
W,8324,-1496,-5434,632,224,3813
W,8326,-1527,-5435,660,91,3813
W,8422,-1571,-5438,605,172,3761
W,8507,-1625,-5473,740,88,3789
W,8502,-1618,-5502,668,167,3841
W,8493,-1584,-5495,669,209,3817
W,8489,-1566,-5488,546,423,3803
W,8397,-1565,-5488,624,299,3814
W,8362,-1558,-5493,559,379,3821
W,8281,-1582,-5501,567,421,3838
W,8357,-1620,-5519,413,375,3718
W,8748,-1716,-5627,574,460,3869
W,8790,-1718,-5651,859,165,3983
W,8858,-1701,-5659,666,268,3783
W,8849,-1667,-5667,801,281,3895
W,8815,-1642,-5624,184,833,3867
W,8752,-1678,-5645,404,496,3762
W,8709,-1549,-5490,1327,57,4535
W,8143,-896,-4342,2503,847,4335
W,7379,287,-2616,2997,1574,319
W,7310,2131,175,2481,3117,782
W,8313,3763,4262,699,2352,1808
W,4322,9252,9181,1147,5842,4130
W,-12939,15891,13530,4470,3304,4164
W,-11169,6796,3227,2664,1455,1445
W,-9684,-16244,-14776,6463,5061,825
W,-7087,-14687,-12547,6295,4453,239
W,-7582,-14318,-12335,911,4065,2795
W,-8693,-14526,-12884,1555,2620,1636
W,-11659,-15662,-12453,2252,6184,926
W,-13394,3249,15909,3162,1368,752
W,-6704,12979,10835,2843,3512,5441
W,9190,1631,5011,3209,2708,1293
W,8050,819,571,3530,2063,6314
W,7445,-29,-2715,5751,1589,3207
W,7758,-614,-4588,5353,1441,1186
W,8401,-835,-5151,3608,1209,6014
W,8703,-847,-5127,1373,395,4338
W,8546,-689,-5080,110,364,4119
W,9070,-777,-4927,6010,1361,3686
W,9398,-931,-4941,5632,1616,3753
W,9131,-994,-4996,5784,689,3871
W,8860,-1033,-5008,6029,335,3900
W,8871,-1047,-5038,5890,668,3854
W,8830,-1073,-5088,6226,703,3753
W,8757,-1057,-5132,6469,149,3885
W,9016,-1031,-5090,6132,947,3934
W,9090,-1074,-5063,6223,1006,3809
W,9008,-1061,-5033,6181,472,3691
W,8953,-1043,-5050,6289,425,3917
W,8999,-1102,-5048,6441,905,3977
W,8884,-1165,-5025,6443,644,3492
W,8811,-1144,-5082,103,6478,3822
W,9093,-1134,-5096,6365,911,3835
W,8993,-1192,-5154,6373,919,3982
W,8380,-1263,-5157,227,282,3721
W,8034,-1282,-5169,572,6343,3547
W,8214,-1211,-5184,435,103,3680
W,8524,-1155,-5195,34,752,3912
W,8570,-1144,-5197,82,708,3941
W,8596,-1127,-5205,77,731,3712
W,8564,-1151,-5262,204,810,3871
W,8199,-1161,-5212,642,411,3895
W,8038,-1147,-5158,179,361,3678
W,8078,-1149,-5143,326,378,3922
W,8251,-1180,-5124,6412,835,3700
W,8112,-1246,-5165,214,473,3514
W,8038,-1245,-5212,764,78,3861
W,8125,-1252,-5208,156,734,3778
W,7903,-1285,-5221,291,672,3714
W,7616,-1269,-5223,733,6550,3716
W,7661,-1206,-5223,413,447,3782
W,7806,-1177,-5241,264,626,3744
W,7925,-1173,-5267,312,768,3833
W,7840,-1185,-5282,405,544,3822
W,7813,-1199,-5298,551,428,3731
W,7863,-1216,-5310,393,628,3759
W,7772,-1211,-5311,477,550,3721
W,7668,-1196,-5311,440,578,3853
W,7522,-1208,-5292,413,546,3810
W,7423,-1215,-5291,396,497,3772
W,7310,-1213,-5277,486,515,3748
W,7229,-1204,-5266,368,518,3754
W,7215,-1195,-5267,324,656,3850
W,7119,-1212,-5279,361,484,3752
W,7094,-1226,-5298,474,410,3765
W,7148,-1222,-5307,406,495,3779
W,7170,-1224,-5322,263,634,3787
W,7098,-1222,-5330,403,575,3754
W,7039,-1204,-5329,370,597,3785
W,6968,-1193,-5328,347,649,3794
W,6858,-1183,-5333,477,553,3811
W,6773,-1189,-5322,507,536,3800
W,6773,-1188,-5315,417,506,3735
W,6807,-1188,-5322,343,550,3810
W,6850,-1173,-5334,303,575,3692
W,6861,-1155,-5372,426,652,3793
W,6921,-1145,-5412,445,690,3804
W,6944,-1141,-5443,384,815,3855
W,6775,-1163,-5440,465,689,3881
W,6580,-1182,-5415,515,508,3754
W,6493,-1179,-5410,445,527,3750
W,6469,-1175,-5428,428,611,3817
W,6447,-1168,-5444,394,609,3825
W,6423,-1157,-5464,412,608,3795
W,6409,-1150,-5474,482,643,3844
W,6388,-1153,-5456,475,732,3868
W,6337,-1150,-5434,351,560,3789
W,6307,-1138,-5430,413,617,3814
W,6327,-1131,-5428,390,683,3860
W,6331,-1135,-5422,314,678,3811
W,6319,-1137,-5419,376,606,3832
W,6317,-1142,-5416,312,689,3810
W,6287,-1145,-5412,359,625,3826
W,6240,-1157,-5415,151,777,3782
W,5918,-1186,-5452,364,602,3750
W,5713,-1156,-5410,772,407,4081
W,5721,-1046,-4738,258,1341,4907
W,4775,-201,-2997,2956,6278,4857
W,4854,1716,-745,1622,1541,1422
W,5277,3725,2775,4423,6102,6237
W,2131,6343,7666,4686,2916,2403
W,-11602,15022,12440,296,1993,4232
W,-10624,6726,12741,617,4931,5594
W,-9001,-16266,-15777,6357,1262,3993
W,-6634,-14615,-12550,1200,3754,1446
W,-6369,-13837,-11904,6505,1621,3943
W,-7449,-13948,-12782,1696,3202,712
W,-9725,-14913,-15235,859,3677,3362
W,-11481,-9789,-261,533,5874,226
W,-11563,16188,13453,5108,1071,3457
W,3265,4868,6848,2627,2165,900
W,6571,1584,1740,287,5503,4084
W,5714,1068,-1736,3866,1189,2452
W,4856,394,-3721,3449,2784,1294
W,5005,168,-4267,3016,1452,6411
W,5646,226,-4004,6450,2570,4141
W,5777,126,-3628,4627,514,2093
W,6100,15,-3849,4547,696,3361
W,6338,-180,-3947,4606,991,3521
W,6279,-325,-4031,4717,814,3352
W,6010,-420,-4196,5368,535,3390
W,5802,-456,-4387,5904,356,3681
W,5776,-442,-4452,5433,741,3572
W,5706,-407,-4532,5559,640,3543
W,5712,-436,-4627,5759,692,3578
W,5713,-460,-4696,5825,769,3684
W,5655,-495,-4729,5879,900,3612
W,5479,-529,-4762,6209,609,3646
W,5427,-547,-4768,6324,573,3635
W,5441,-563,-4785,6201,677,3537
W,5389,-565,-4819,6384,593,3667
W,5430,-564,-4825,6368,682,3614
W,5430,-567,-4854,6301,721,3632
W,5388,-575,-4873,6442,729,3627
W,5342,-581,-4896,5,618,3643
W,5365,-584,-4907,6491,728,3592
W,5316,-592,-4926,41,694,3633
W,5314,-594,-4937,66,699,3627
W,5345,-601,-4949,13,778,3675
W,5343,-633,-4951,6463,807,3647
W,5208,-670,-4959,95,687,3625
W,5082,-682,-4958,232,461,3598
W,5072,-677,-4963,109,587,3571
W,5036,-672,-4983,145,658,3614
W,5007,-664,-4993,201,653,3651
W,4989,-661,-4998,145,692,3636
W,4971,-661,-5002,149,676,3625
W,4946,-662,-5006,165,674,3616
W,4912,-659,-5013,171,674,3625
W,4882,-657,-5017,203,668,3624
W,4857,-654,-5027,131,714,3601
W,4779,-651,-5037,248,679,3637
W,4754,-644,-5037,225,679,3625
W,4738,-642,-5043,201,730,3632
W,4715,-639,-5042,240,706,3650
W,4708,-635,-5039,172,683,3614
W,4702,-633,-5041,186,702,3635
W,4688,-634,-5042,178,722,3635
W,4667,-635,-5043,200,678,3634
W,4657,-636,-5044,173,730,3598
W,4637,-637,-5045,241,691,3647
W,4638,-641,-5042,174,731,3621
W,4629,-645,-5041,192,704,3620
W,4627,-646,-5045,171,704,3611
W,4605,-648,-5050,179,749,3635
W,4564,-650,-5050,190,704,3623
W,4533,-648,-5056,203,710,3610
W,4507,-648,-5061,218,719,3659
W,4471,-648,-5060,171,721,3601
W,4427,-643,-5064,271,668,3634
W,4438,-637,-5062,164,749,3631
W,4400,-639,-5063,143,738,3629
W,4349,-637,-5059,253,683,3627
W,4344,-635,-5059,176,734,3613
W,4327,-634,-5060,210,732,3644
W,4315,-632,-5058,157,692,3609
W,4295,-631,-5066,191,722,3622
W,4278,-628,-5069,195,719,3641
W,4260,-627,-5072,121,736,3596
W,4217,-627,-5075,224,721,3645
W,4199,-627,-5071,151,740,3629
W,4151,-632,-5072,164,709,3640
W,4126,-633,-5068,213,696,3619
W,4111,-632,-5069,179,705,3630
W,4098,-630,-5068,166,707,3628
W,4089,-628,-5071,141,720,3637
W,4074,-627,-5070,127,739,3641
W,4046,-628,-5070,162,701,3646
W,4026,-629,-5069,108,740,3604
W,3976,-628,-5072,189,690,3638
W,3952,-624,-5071,141,715,3621
W,3916,-625,-5077,126,723,3627
W,3842,-631,-5092,176,709,3632
W,3787,-630,-5104,160,728,3621
W,3683,-640,-5123,398,620,3668
W,3892,-663,-4924,811,927,4238
W,3604,-376,-4184,2627,804,5125
W,3776,790,-2502,2312,2861,328
W,3971,2642,172,1222,6013,1039
W,3537,4214,4303,112,631,837
W,-4926,10434,9546,2538,5397,954
W,-9453,16463,14123,2252,4567,50
W,-8466,-10075,-6189,701,2119,2427
W,-6838,-14883,-14286,1100,123,5469
W,-6839,-14070,-14001,6252,4062,1988
W,-7351,-14398,-14179,3004,3791,5372
W,-8745,-15215,-16122,160,6362,2747
W,-10263,-3247,12524,1011,4563,4358
W,-7654,13186,11203,1628,675,906
W,4269,2651,4375,1614,3168,6384
W,5160,155,-927,1330,6310,2805
W,4191,-939,-3838,1949,2333,3994
W,3177,-1251,-4861,5043,2734,1317
W,2049,-1055,-4599,3489,2303,4384
W,2959,-676,-4168,5836,4932,2814
W,3348,-469,-4136,4796,5284,3123
W,3997,-46,-4137,4752,6489,3459
W,4898,-162,-4029,3182,2632,3087
W,4409,-259,-4278,4788,273,3443
W,3797,-293,-4481,5904,170,3746
W,3600,-312,-4508,6140,374,3691
W,3793,-326,-4534,5572,278,3580
W,3957,-353,-4582,5403,536,3555
W,3902,-420,-4636,5514,742,3554
W,3691,-453,-4692,6022,349,3611
W,3594,-461,-4713,6201,357,3563
W,3566,-456,-4729,5994,541,3579
W,3495,-467,-4754,6060,540,3593
W,3418,-489,-4784,6172,602,3596
W,3319,-507,-4804,6348,533,3612
W,3255,-509,-4812,6364,479,3566
W,3233,-509,-4832,6340,538,3558
W,3229,-511,-4851,6337,602,3594
W,3182,-516,-4893,6364,617,3564
W,3142,-509,-4920,6465,637,3593
W,3129,-504,-4939,6417,699,3619
W,3098,-502,-4955,6409,689,3596
W,3061,-501,-4972,6481,687,3622
W,3021,-502,-4987,6441,711,3580
W,2943,-503,-5014,6497,681,3594
W,2876,-500,-5040,0,669,3650
W,2805,-501,-5064,6494,726,3620
W,2739,-499,-5078,35,706,3639
W,2714,-492,-5077,51,687,3648
W,2706,-492,-5078,6498,717,3625
W,2682,-488,-5079,27,669,3615
W,2665,-484,-5086,6495,732,3600
W,2616,-481,-5097,22,703,3646
W,2600,-476,-5097,6536,706,3619
W,2582,-476,-5099,6534,720,3652
W,2561,-477,-5098,6529,718,3610
W,2532,-477,-5098,33,700,3636
W,2530,-474,-5096,6504,701,3605
W,2509,-477,-5101,6524,721,3610
W,2496,-479,-5104,6530,727,3625
W,2489,-481,-5104,6519,746,3642
W,2475,-484,-5103,6512,720,3624
W,2465,-486,-5105,6517,722,3632
W,2440,-487,-5111,6505,736,3598
W,2413,-485,-5115,0,716,3637
W,2394,-485,-5116,6467,744,3627
W,2346,-488,-5123,6521,716,3626
W,2307,-489,-5129,6544,732,3637
W,2267,-490,-5134,6527,722,3634
W,2236,-488,-5138,21,723,3646
W,2224,-484,-5140,6506,711,3642
W,2204,-481,-5141,6541,725,3646
W,2185,-477,-5142,6452,708,3618
W,2164,-472,-5143,6539,705,3676
W,2161,-471,-5139,6426,732,3640
W,2138,-472,-5138,6510,694,3635
W,2133,-471,-5138,6478,740,3637
W,2116,-468,-5136,6493,687,3636
W,2111,-464,-5137,6474,714,3629
W,2103,-463,-5140,6458,737,3658
W,2083,-464,-5136,6479,767,3632
W,2065,-460,-5129,6538,728,3631
W,2093,-451,-5119,6485,718,3632
W,2111,-451,-5117,6396,737,3625
W,2118,-448,-5114,6473,734,3640
W,2131,-447,-5109,6378,748,3625
W,2123,-448,-5111,6419,722,3632
W,2126,-449,-5114,6421,753,3629
W,2125,-453,-5117,6438,782,3661
W,2123,-456,-5113,6410,758,3602
W,2115,-455,-5116,6476,768,3643
W,2126,-454,-5110,6390,775,3629
W,2117,-455,-5112,6415,745,3630
W,2121,-453,-5113,6414,759,3623
W,2109,-455,-5117,6380,770,3630
W,2077,-458,-5121,6447,763,3632
W,2060,-458,-5122,6433,753,3630
W,2039,-461,-5125,6431,752,3631
W,2017,-462,-5126,6445,762,3618
W,1989,-466,-5129,6452,770,3654
W,1909,-489,-5141,6353,800,3547
W,1733,-529,-5197,90,779,3681
W,1937,-205,-4606,2187,2414,5672
W,2681,1578,-2501,4073,2178,2118
W,3264,4148,1324,4447,616,47
W,-865,6588,7368,5980,2916,4193
W,-9281,15265,12575,4497,752,1613
W,-9584,-3435,12832,2099,1612,6125
W,-7980,-14841,-15458,4773,332,178
W,-5798,-13224,-11110,5442,1786,1709
W,-6628,-13260,-12465,1504,4726,4621
W,-8313,-14851,-15635,6351,2016,1692
W,-9701,-6631,13182,390,4878,5384
W,-7873,16255,12545,735,3131,2750
W,2286,2515,6607,3628,989,2334
W,5156,823,2016,2830,2636,4555
W,5296,563,-1049,3506,975,1849
W,5363,753,-2608,4196,2213,768
W,5434,973,-3135,4340,1340,3993
W,5288,663,-3965,5829,1351,3914
W,5623,196,-4712,1684,2537,4576
W,5458,-283,-4557,824,3534,3607
W,5070,-234,-4370,5498,414,2008
W,4821,-148,-4381,4644,5589,3150
W,4618,-169,-4390,5130,733,3172
W,4167,-335,-4430,5421,2133,3878
W,3807,-338,-4428,5485,6390,3469
W,3634,-300,-4485,5655,136,3384
W,3587,-305,-4584,5719,649,3567
W,3573,-333,-4671,5576,757,3584
W,3387,-372,-4749,6029,634,3669
W,3303,-387,-4737,6364,533,3596
W,3359,-392,-4738,6075,507,3499
W,3363,-411,-4764,6105,637,3582
W,3356,-426,-4782,6145,622,3553
W,3347,-437,-4808,6240,610,3597
W,3340,-462,-4839,6257,713,3558
W,3304,-472,-4860,6302,681,3578
W,3272,-484,-4876,6320,716,3597
W,3235,-494,-4888,6381,716,3567
W,3175,-503,-4900,6411,703,3556
W,3118,-507,-4917,6520,673,3615
W,3126,-506,-4921,6424,680,3571
W,3110,-510,-4938,6481,697,3594
W,3110,-512,-4946,6459,746,3576
W,3091,-515,-4955,6505,732,3601
W,3088,-519,-4959,6494,753,3587
W,3086,-521,-4964,6507,725,3590
W,3079,-523,-4969,6462,747,3583
W,3061,-526,-4971,6535,743,3594
W,3053,-530,-4972,6494,755,3582
W,3038,-532,-4975,6524,731,3577
W,3033,-533,-4974,6509,759,3568
W,3024,-535,-4977,6532,759,3593
W,3024,-538,-4979,6520,746,3604
W,3023,-542,-4982,6515,744,3563
W,3010,-545,-4989,6529,756,3569
W,2996,-546,-4993,1,771,3576
W,2982,-548,-4996,6523,767,3571
W,2953,-550,-5003,6514,762,3585
W,2918,-552,-5009,3,765,3598
W,2882,-554,-5011,6532,743,3589
W,2846,-554,-5018,19,737,3597
W,2823,-554,-5024,8,749,3599
W,2797,-554,-5028,6541,741,3607
W,2775,-551,-5028,6537,760,3579
W,2727,-549,-5031,12,741,3619
W,2702,-545,-5025,6552,742,3590
W,2678,-541,-5026,6526,712,3599
W,2651,-538,-5027,6545,718,3609
W,2622,-536,-5028,6548,731,3594
W,2597,-531,-5028,3,716,3599
W,2576,-528,-5029,6505,740,3597
W,2545,-527,-5029,17,756,3609
W,2523,-521,-5022,6536,750,3579
W,2501,-512,-5019,31,687,3596
W,2508,-504,-5019,6481,727,3578
W,2503,-499,-5025,6511,733,3615
W,2494,-497,-5023,6484,748,3578
W,2479,-495,-5027,6506,710,3611
W,2464,-495,-5028,6483,726,3582
W,2437,-494,-5029,6511,745,3595
W,2423,-491,-5026,6537,727,3605
W,2407,-494,-5025,6431,759,3573
W,2382,-493,-5020,25,738,3610
W,2383,-494,-5011,6453,730,3581
W,2370,-494,-5009,6502,702,3591
W,2367,-494,-5006,6486,725,3577
W,2359,-494,-5008,6466,737,3574
W,2321,-499,-5020,6450,743,3566
W,2305,-492,-5030,48,710,3641
W,2316,-489,-5026,6411,782,3562
W,2309,-483,-5031,6534,756,3569
W,2369,-564,-4728,6404,1749,4438
W,2000,93,-3436,3782,2726,6067
W,2225,1715,-1024,4907,977,1507
W,1202,3535,2689,4342,5566,4036
W,-2603,7167,7707,4860,1534,4782
W,-6703,15430,12809,1681,2533,3660
W,-7783,-59,9667,2431,3455,1361
W,-6964,-14847,-15052,2008,1439,4216
W,-6659,-13775,-13913,5603,3274,3445
W,-6646,-14636,-14492,93,1254,6308
W,-7795,-16289,-6522,5833,5923,6312
W,-7645,10101,14584,2508,5511,5065
W,-2099,8750,9126,4433,5254,3542
W,2744,213,3440,4245,2143,4560
W,3209,-686,-627,485,848,2716
W,2746,-1034,-3201,442,1747,3817
W,2436,-1083,-4309,3139,3910,1367
W,2713,-753,-4470,1825,1675,5529
W,3198,-451,-4418,5855,3012,3994
W,3190,-536,-4067,5190,2309,3057
W,2752,-572,-4207,5964,5901,3618
W,2886,-494,-4216,4849,6086,3323
W,2687,-398,-4357,5244,6499,3306
W,2562,-429,-4449,5460,637,3866
W,2511,-505,-4504,5252,6509,3646
W,2301,-596,-4558,5409,269,3454
W,1868,-686,-4639,6375,68,3708
W,1622,-705,-4618,262,6163,3775
W,1680,-666,-4469,6441,6381,3633
W,2038,-598,-4345,5211,6479,3310
W,2005,-652,-4253,5100,746,3615
W,1537,-706,-4174,34,6245,3207
W,1288,-661,-4165,489,6529,2995
W,1330,-588,-4184,6510,158,3320
W,1372,-570,-4214,5930,178,3385
W,1316,-574,-4234,6112,162,3311
W,1311,-557,-4260,6364,313,3185
W,1320,-553,-4293,55,457,3333
W,1382,-533,-4290,3,494,3232
W,1509,-503,-4331,6188,533,3125
W,1624,-507,-4466,6063,547,3331
W,1692,-528,-4735,6066,672,3429
W,1681,-512,-4855,6485,577,3562
W,1950,-416,-4922,6281,371,3665
W,2401,-284,-4951,5446,1550,3500
W,2561,-311,-5003,5486,1618,3531
W,2446,-315,-5076,6362,1030,3815
W,2547,-294,-5031,5714,1185,3525
W,2429,-334,-5049,5814,1094,3608
W,2253,-355,-5081,6299,784,3497
W,2157,-383,-5124,6244,1185,3602
W,2022,-405,-5129,6528,1240,3759
W,1948,-419,-5060,6322,862,3491
W,1841,-435,-5042,6518,799,3504
W,1801,-453,-5025,6486,975,3557
W,1808,-449,-5004,6512,702,3613
W,1846,-451,-4971,6128,752,3508
W,1808,-464,-4981,6314,688,3566
W,1774,-481,-4988,6301,810,3585
W,1717,-491,-4988,6449,757,3572
W,1687,-489,-4982,6450,701,3548
W,1661,-482,-4981,6356,721,3568
W,1643,-476,-4981,6389,686,3576
W,1628,-475,-4988,6330,677,3535
W,1594,-477,-5004,6403,745,3601
W,1586,-476,-4998,6416,757,3580
W,1564,-477,-4998,6356,736,3549
W,1548,-473,-4997,6439,707,3574
W,1556,-469,-4999,6337,709,3557
W,1548,-464,-5006,6385,718,3572
W,1539,-461,-5007,6349,775,3588
W,1524,-458,-4998,6352,730,3582
W,1506,-462,-4999,6329,722,3568
W,1492,-465,-4997,6386,743,3582
W,1480,-465,-4995,6346,679,3542
W,1483,-459,-4997,6391,715,3587
W,1480,-462,-5004,6246,691,3574
W,1454,-464,-5008,6415,741,3592
W,1445,-467,-5004,6304,753,3572
W,1424,-470,-5002,6357,706,3564
W,1409,-472,-5003,6358,714,3555
W,1403,-469,-5005,6408,721,3577
W,1410,-458,-5020,6320,754,3596
W,1409,-455,-5019,6324,771,3598
W,1397,-457,-5021,6287,709,3580
W,1394,-455,-5021,6376,724,3590
W,1394,-458,-5027,6222,730,3571
W,1373,-457,-5033,6382,722,3598
W,1379,-454,-5034,6277,721,3573
W,1364,-455,-5043,6281,737,3598
W,1349,-456,-5044,6335,735,3601
W,1339,-458,-5042,6264,741,3558
W,1320,-457,-5040,6397,755,3613
W,1330,-457,-5028,6269,711,3597
W,1325,-457,-5013,6293,700,3592
W,1333,-456,-5003,6290,676,3571
W,1338,-457,-5003,6323,718,3567
W,1396,-459,-4982,6464,757,3592
W,1514,-463,-4938,6179,725,3575
W,1544,-473,-4919,6131,813,3513
W,1531,-440,-4705,15,1801,4431
W,1517,308,-3513,2366,4147,6211
W,1624,1752,-1148,3765,6187,1694
W,225,3572,2421,5152,3832,3785
W,-3145,6299,7387,1453,1295,6035
W,-6177,15102,12599,3085,2737,5499
W,-6739,3446,12955,545,5184,1322
W,-5816,-15364,-15508,1171,2988,166
W,-5078,-13816,-12532,4345,6088,546
W,-5427,-13522,-12810,4697,6114,3629
W,-5947,-14198,-14399,6505,2386,6397
W,-6898,-15645,-6464,3513,5791,4700
W,-7170,-3353,15317,1189,6206,1923
W,-3188,12208,10522,2667,5119,4143
W,4318,397,4158,5502,896,1683
W,5034,805,289,4387,1509,90
W,4218,1170,-2161,3328,859,2529
W,3316,728,-3590,6256,4087,1604
W,2479,165,-3988,1244,2434,6037
W,1950,-121,-3927,1291,219,3867
W,1841,-152,-3993,492,6528,3798
W,2170,-264,-3733,4888,6036,2969
W,2246,-341,-3895,4438,6230,3101
W,2114,-355,-4155,5282,5953,3724
W,2148,-407,-4239,4935,6506,3641
W,2054,-452,-4307,4884,6476,3514
W,1809,-451,-4373,5586,6306,3465
W,1672,-398,-4423,5887,6269,3491
W,1648,-349,-4481,5735,6452,3470
W,1574,-295,-4543,5933,6429,3475
W,1462,-216,-4602,6357,6339,3597
W,1435,-166,-4650,6364,6358,3671
W,1517,-154,-4724,6293,92,3595
W,1674,-196,-4794,5935,388,3834
W,1709,-302,-4818,6097,529,3782
W,1706,-379,-4855,6296,297,3565
W,1714,-424,-4832,5868,259,3328
W,1593,-524,-4786,5969,227,3462
W,1507,-649,-4718,6167,570,3557
W,1492,-783,-4571,5969,585,3719
W,1543,-891,-4337,5541,346,3345
W,1532,-854,-4250,5295,255,3190
W,1420,-808,-4324,6148,283,3522
W,1568,-820,-4392,5783,769,3531
W,1634,-861,-4469,5363,780,3597
W,1433,-919,-4510,6100,447,3472
W,1189,-966,-4544,12,416,3395
W,1005,-963,-4573,199,477,3347
W,957,-905,-4627,246,307,3401
W,972,-861,-4695,99,390,3537
W,1042,-788,-4752,251,137,3579
W,1083,-701,-4787,6335,167,3335
W,989,-620,-4894,577,505,3409
W,1119,-493,-4970,6542,769,3592
W,1191,-417,-5007,6174,866,3590
W,1198,-379,-5012,6146,922,3615
W,1231,-377,-5013,6110,849,3596
W,1264,-402,-5026,5963,893,3591
W,1247,-458,-5030,5984,1029,3605
W,1226,-507,-5042,6191,735,3555
W,1236,-552,-5096,6088,825,3514
W,1197,-587,-5157,6368,1054,3583
W,1197,-593,-5153,6243,1064,3708
W,1153,-607,-5110,6204,917,3601
W,1118,-607,-5086,6271,657,3619
W,1074,-623,-5086,6165,820,3586
W,1028,-631,-5082,6401,766,3700
W,1028,-640,-5073,6220,724,3550
W,1004,-639,-5085,6333,781,3644
W,990,-637,-5077,6285,745,3640
W,947,-642,-5071,6256,686,3609
W,904,-643,-5073,6411,711,3606
W,893,-639,-5070,6337,754,3605
W,878,-636,-5059,6346,693,3647
W,872,-633,-5051,6345,633,3585
W,882,-626,-5056,6327,712,3610
W,887,-617,-5049,6243,703,3617
W,885,-605,-5041,6341,678,3627
W,916,-596,-5043,6160,623,3600
W,909,-594,-5052,6257,726,3629
W,918,-585,-5051,6232,680,3616
W,922,-581,-5054,6208,674,3615
W,922,-580,-5061,6187,712,3618
W,906,-578,-5061,6229,729,3635
W,893,-576,-5062,6249,690,3603
W,884,-574,-5063,6181,734,3620
W,862,-575,-5057,6256,720,3639
W,847,-577,-5053,6205,673,3605
W,830,-578,-5053,6294,693,3622
W,827,-581,-5052,6199,686,3606
W,815,-581,-5052,6274,669,3611
W,815,-583,-5054,6204,682,3605
W,807,-586,-5056,6228,693,3631
W,794,-591,-5054,6246,691,3624
W,785,-594,-5049,6243,676,3610
W,779,-596,-5045,6218,673,3606
W,773,-596,-5039,6251,670,3626
W,770,-600,-5034,6197,670,3615
W,760,-601,-5027,6268,661,3610
W,775,-598,-5017,6201,617,3604
W,801,-595,-4988,6218,664,3651
W,859,-605,-4894,6178,621,3657
W,847,-613,-4622,5650,1493,4045
W,575,-138,-3473,244,3634,6063
W,74,1406,-952,5249,36,1767
W,-1503,3257,2891,3069,4248,5309
W,-3540,7101,7834,4641,481,1540
W,-4756,15587,12792,1721,2011,5647
W,-4898,-3313,9604,5211,1016,2191
W,-5277,-14836,-16473,6471,2796,5788
W,-5176,-13316,-14447,3123,1952,3310
W,-5570,-12698,-13582,3645,1286,5952
W,-5897,-13394,-15185,5263,4697,6347
W,-6627,-15502,6643,1617,726,4909
W,-6510,3161,14410,5634,2557,4236
W,-2599,8972,9106,874,5852,676
W,1276,1814,2960,4039,4615,6137
W,1883,766,-1252,1666,1962,2822
W,1543,163,-3587,6352,3516,2875
W,1620,14,-4043,308,4023,462
W,1658,122,-3800,5199,899,3780
W,1255,197,-3825,5279,6218,3132
W,926,130,-3738,5844,6345,3526
W,1021,63,-3743,4880,5238,3049
W,936,41,-3837,5080,5322,3228
W,828,7,-3908,5217,5699,3374
W,761,-27,-3982,5249,5825,3310
W,691,-50,-4057,5668,5979,3354
W,747,-70,-4108,5454,6066,3316
W,778,-102,-4191,5402,6163,3360
W,815,-121,-4269,5618,6383,3425
W,876,-138,-4323,5474,6487,3422
W,890,-157,-4371,5516,19,3442
W,894,-173,-4400,5630,70,3438
W,897,-193,-4427,5606,87,3415
W,887,-219,-4458,5656,170,3442
W,861,-245,-4478,5730,223,3423
W,825,-264,-4495,5853,207,3416
W,808,-276,-4523,5885,262,3378
W,795,-294,-4568,5822,251,3463
W,746,-326,-4592,5946,546,3487
W,731,-359,-4618,6133,430,3527
W,726,-353,-4622,6204,432,3472
W,756,-364,-4571,6189,734,3588
W,914,-337,-4526,5842,496,3380
W,1057,-316,-4503,5712,460,3198
W,1107,-314,-4473,5327,252,3350
W,868,-378,-4446,5807,407,3457
W,685,-384,-4419,5901,587,3301
W,700,-351,-4392,6143,245,3229
W,671,-359,-4381,6116,316,3172
W,659,-360,-4408,5994,315,3371
W,638,-363,-4446,6252,502,3321
W,720,-333,-4482,6107,420,3298
W,754,-331,-4524,6002,662,3155
W,861,-262,-4591,6353,690,3336
W,986,-230,-4626,5452,774,3500
W,895,-263,-4628,6016,1103,3468
W,818,-275,-4558,6304,575,3370
W,847,-323,-4461,6143,505,3221
W,906,-345,-4453,5815,532,3284
W,861,-360,-4472,6015,563,3292
W,834,-353,-4483,6262,578,3300
W,833,-347,-4489,5997,528,3263
W,882,-313,-4572,6373,541,3344
W,1062,-265,-4632,5813,911,3455
W,1047,-298,-4635,5741,965,3267
W,945,-306,-4642,6117,641,3402
W,859,-322,-4662,6359,959,3405
W,954,-322,-4694,6190,747,3301
W,1039,-329,-4731,5964,728,3294
W,1057,-340,-4768,5998,988,3414
W,1109,-335,-4769,5810,835,3461
W,985,-386,-4779,5657,523,3267
W,622,-481,-4826,6220,734,3865
W,256,-559,-4790,586,844,3208
W,213,-479,-4828,616,645,3309
W,389,-397,-4832,6537,1066,3604
W,740,-373,-4817,5821,697,3359
W,902,-333,-4860,5696,313,3614
W,860,-367,-4854,5556,1007,3566
W,759,-394,-4865,6284,792,3532
W,753,-389,-4829,6277,708,3434
W,740,-408,-4800,5963,696,3427
W,651,-430,-4768,6146,660,3476
W,553,-435,-4727,6298,608,3417
W,438,-404,-4682,6322,607,3322
W,456,-368,-4694,6363,511,3425
W,482,-341,-4696,6146,671,3356
W,514,-308,-4711,6168,593,3391
W,537,-291,-4724,6018,648,3460
W,534,-290,-4726,6117,665,3428
W,547,-287,-4729,6168,633,3413
W,567,-288,-4739,6012,641,3407
W,551,-291,-4748,6089,635,3402
W,534,-295,-4749,6129,648,3422
W,504,-307,-4749,6069,635,3423
W,466,-313,-4750,6178,674,3416
W,450,-316,-4747,6207,662,3431
W,445,-321,-4745,6104,610,3408
W,435,-325,-4749,6163,620,3426
W,431,-324,-4754,6184,641,3411
W,436,-320,-4764,6133,633,3409
W,441,-314,-4775,6151,662,3425
W,451,-309,-4788,6125,692,3412
W,485,-298,-4790,6189,705,3499
W,581,-313,-4608,6228,1395,4180
W,201,141,-3359,6474,4612,6012
W,-524,1734,-655,4858,6222,1667
W,-2112,3593,3328,3849,1383,4031
W,-3594,8248,8665,6074,5328,2510
W,-4254,16498,13701,3903,13,1981
W,-4104,-16462,-92,5705,4759,4191
W,-4383,-13903,-14471,4089,5334,4014
W,-4792,-13143,-13574,1819,1992,84
W,-5085,-13807,-15874,3874,6050,4317
W,-5321,-15824,6356,5985,3069,1270
W,-4375,6642,13092,3238,5923,3570
W,-1026,4696,7052,1185,3508,2166
W,1166,390,934,4792,3204,4526
W,745,-333,-2807,4373,2197,5994
W,292,-748,-4710,701,5469,3323
W,-171,-727,-4585,5689,4433,6113
W,-840,-582,-3562,785,773,71
W,122,-366,-3823,5924,4278,2223
W,395,-436,-3940,5048,5670,3337
W,412,-521,-4055,4845,5280,3642
W,229,-559,-4102,5114,5665,3424
W,-154,-644,-4163,6324,5662,3420
W,-283,-672,-4145,6475,6159,3593
W,-211,-710,-4074,5743,6023,3331
W,-269,-722,-4100,5813,6048,3319
W,-364,-697,-4156,6130,6356,3332
W,-394,-664,-4225,6088,6425,3390
W,-379,-644,-4289,6072,6498,3562
W,-398,-655,-4321,5849,6406,3448
W,-468,-660,-4348,6148,6522,3414
W,-472,-644,-4373,6124,17,3380
W,-449,-621,-4412,6022,25,3432
W,-433,-610,-4434,5918,82,3486
W,-445,-614,-4454,5945,162,3433
W,-455,-615,-4474,5993,208,3414
W,-468,-618,-4478,5994,384,3380
W,-498,-639,-4466,6017,604,3343
W,-449,-643,-4474,6250,653,3266
W,-227,-613,-4523,5949,481,3280
W,51,-556,-4644,5663,402,3361
W,242,-490,-4794,5670,410,3455
W,455,-433,-5184,5769,806,3626
W,542,-416,-5293,5277,955,4088
W,479,-461,-5309,5597,763,3879
W,405,-454,-5289,6064,782,3489
W,423,-423,-5320,6242,961,3554
W,613,-354,-5357,5598,795,3693
W,649,-368,-5368,5363,1104,4090
W,718,-371,-5287,5577,682,3522
W,618,-413,-5324,4929,650,3400
W,311,-452,-5452,177,1113,3975
W,299,-501,-5330,6256,328,3593
W,133,-644,-5252,62,395,3862
W,5,-788,-5146,5944,771,3982
W,-160,-883,-5033,6457,378,3912
W,-336,-1176,-4834,5335,445,3990
W,-1188,-1625,-4756,360,6200,3548
W,-2140,-1976,-4864,3010,527,3166
W,-2318,-2005,-4868,1017,1767,2852
W,-2202,-1978,-4964,167,618,3573
W,-2178,-1948,-5066,153,546,3830
W,-2146,-1907,-5131,201,356,3749
W,-2079,-1863,-5227,133,457,3704
W,-1981,-1791,-5315,29,507,3805
W,-1929,-1730,-5366,34,687,3786
W,-1882,-1677,-5389,6466,679,3845
